Asset ID,Asset Name,Solo,Entity Code,SubEntity Code,Fund/LoB Name,Fund/LoB Type,Rating,Credit Quality Step,Market Value (MVi),Modified Duration,Duration,Category,Duration Class,Corrected Duration,Multiplication Factor,Step Up Factor,"F(Rating, Duration)",Capital Charge,Capital Charge UL,Credit Spread Relief Factor,LAC of TP,LAC of TP UL
422157,NETHERLANDS GOVERNMENT FIX 4.000% 15.01.2037_422157,RC630,RC630,,LU0003_LXCLA,PROFIT_PART,AAA,0,5691085.057,12.59258346,12.59258346,EEA Sovereign Bond,3,2.592583461,0,0,0,0,0,0.133433171,0,0
421102,FRANCE O.A.T. STRIP ZERO 25.04.2025_421102,RC630,RC630,,LU0003_LXCLA,PROFIT_PART,AA,1,2029199.982,3.822848555,3.822848555,EEA Sovereign Bond,1,3.822848555,0,0,0,0,0,0.133433171,0,0
CASH_EUR,CASH_EUR_CASH_EUR,RC630,RC630,,LU0003_LXEUR,PROFIT_PART,NR,unrated,-0.00002064,0,1,EEA Sovereign Bond,1,1,0,0,0,0,0,0.063252303,0,0
CASH_EUR,CASH_EUR_CASH_EUR,RC630,RC630,,LU0003_LXEUR,PROFIT_PART,NR,unrated,-0.02861729,0,1,EEA Sovereign Bond,1,1,0,0,0,0,0,0.063252303,0,0
2457732,BELGIUM BE-STRIP MR35 ZERO 28.03.2029_2457732,RC630,RC630,,LU0003_LXCLA,PROFIT_PART,AA,1,4051119.995,7.755698618,7.755698618,EEA Sovereign Bond,2,2.755698618,0,0,0,0,0,0.133433171,0,0
2457733,BELGIUM BE-STRIP MR35 ZERO 28.03.2031_2457733,RC630,RC630,,LU0003_LXCLA,PROFIT_PART,AA,1,3229200.02,9.763390486,9.763390486,EEA Sovereign Bond,2,4.763390486,0,0,0,0,0,0.133433171,0,0
262358,BUNDESREPUB. DEUTSCHLAND 03 FIX 4.750% 04.07.2034_262358,RC630,RC630,,LU0003_LXCLA,PROFIT_PART,AAA,0,2853226.472,10.4390466,10.4390466,EEA Sovereign Bond,3,0.439046602,0,0,0,0,0,0.133433171,0,0
21654856,GERMAN TREASURY BILL ZERO 25.08.2021_21654856,RC630,RC630,,LU0003_LXEUR,PROFIT_PART,AAA,0,34.61321527,0.153426326,1,EEA Sovereign Bond,1,1,0,0,0,0,0,0.063252303,0,0
309831,FRANCE O.A.T. STRIP ZERO 25.04.2029_309831,RC630,RC630,,LU0003_LXCLA,PROFIT_PART,AA,1,2495999.908,7.832642836,7.832642836,EEA Sovereign Bond,2,2.832642836,0,0,0,0,0,0.133433171,0,0
C667547-73_LU0003_1_CMBI_LU0003_LXCLA,LU0003 PIMCO-E LNG AVG DUR - INS AC_1_CMBI_LU0003__C667547-73_LU0003_1_CMBI_LU0003_LXCLA,RC630,RC630,,LU0003_LXCLA,PROFIT_PART,AA,1,175810.51,30.40573895,30.40573895,EEA Sovereign Bond,5,10.40573895,0,0,0,0,0,0.133433171,0,0
C667547-69_LU0003_1_CMBI_LU0003_LXCLA,LU0003 PIMCO-E LNG AVG DUR - INS AC_1_CMBI_LU0003__C667547-69_LU0003_1_CMBI_LU0003_LXCLA,RC630,RC630,,LU0003_LXCLA,PROFIT_PART,AA,1,1465296.61,16.89885259,16.89885259,EEA Sovereign Bond,4,1.898852587,0,0,0,0,0,0.133433171,0,0
1753192,BELGIUM BE-STRIP MR28 ZERO 28.03.2028_1753192,RC630,RC630,,LU0003_LXCLA,PROFIT_PART,AA,1,4085880.127,6.753063723,6.753063723,EEA Sovereign Bond,2,1.753063723,0,0,0,0,0,0.133433171,0,0
2265534,BELGIUM KINGDOM 60 FIX 4.250% 28.03.2041_2265534,RC630,RC630,,LU0003_LXCLA,PROFIT_PART,AA,1,1690645.142,15.06670871,15.06670871,EEA Sovereign Bond,4,0.066708713,0,0,0,0,0,0.133433171,0,0
519065,BELGIUM KINGDOM 48 FIX 4.000% 28.03.2022_519065,RC630,RC630,,LU0003_LXEUR,PROFIT_PART,AA,1,522385.6735,0.742473343,1,EEA Sovereign Bond,1,1,0,0,0,0,0,0.063252303,0,0
357823,BELGIUM BE-STRIP MR28 ZERO 28.03.2026_357823,RC630,RC630,,LU0003_LXCLA,PROFIT_PART,AA,1,4088399.963,4.746986031,4.746986031,EEA Sovereign Bond,1,4.746986031,0,0,0,0,0,0.133433171,0,0
357822,BELGIUM BE-STRIP MR28 ZERO 28.03.2025_357822,RC630,RC630,,LU0003_LXCLA,PROFIT_PART,AA,1,6100199.89,3.746080058,3.746080058,EEA Sovereign Bond,1,3.746080058,0,0,0,0,0,0.133433171,0,0
3824603,NETHERLANDS GOVERNMENT FIX 2.500% 15.01.2033_3824603,RC630,RC630,,LU0003_LXCLA,PROFIT_PART,AAA,0,10980226.32,10.28962194,10.28962194,EEA Sovereign Bond,3,0.289621939,0,0,0,0,0,0.133433171,0,0
3883660,BUNDESREPUB. DEUTSCHLAND FIX 2.500% 04.07.2044_3883660,RC630,RC630,,LU0003_LXCLA,PROFIT_PART,AAA,0,1558175.964,18.63563443,18.63563443,EEA Sovereign Bond,4,3.635634434,0,0,0,0,0,0.133433171,0,0
421101,FRANCE O.A.T. STRIP ZERO 25.04.2026_421101,RC630,RC630,,LU0003_LXCLA,PROFIT_PART,AA,1,3052500,4.823786855,4.823786855,EEA Sovereign Bond,1,4.823786855,0,0,0,0,0,0.133433171,0,0
404965,BUNDESREPUB. DEUTSCHLAND 05 FIX 4.000% 04.01.2037_404965,RC630,RC630,,LU0003_LXCLA,PROFIT_PART,AAA,0,4941231.995,12.59288016,12.59288016,EEA Sovereign Bond,3,2.592880159,0,0,0,0,0,0.133433171,0,0
24394854_LU0003_LU0003_LXEUR,LU0003 GERMAN TREASURY BILL ZO9909334__EUR LU0003__24394854_LU0003_LU0003_LXEUR,RC630,RC630,,LU0003_LXEUR,PROFIT_PART,AAA,0,0.519593542,0.326028276,1,EEA Sovereign Bond,1,1,0,0,0,0,0,0.063252303,0,0
356679,BELGIUM KINGDOM 44 FIX 5.000% 28.03.2035_356679,RC630,RC630,,LU0003_LXCLA,PROFIT_PART,AA,1,1815491.455,10.98870249,10.98870249,EEA Sovereign Bond,3,0.988702492,0,0,0,0,0,0.133433171,0,0
C667547-49_LU0003_1_CMBI_LU0003_LXCLA,LU0003 PIMCO-E LNG AVG DUR - INS AC_1_CMBI_LU0003__C667547-49_LU0003_1_CMBI_LU0003_LXCLA,RC630,RC630,,LU0003_LXCLA,PROFIT_PART,AA,1,410152.22,45.67145109,45.67145109,EEA Sovereign Bond,5,25.67145109,0,0,0,0,0,0.133433171,0,0
C667547-54_LU0003_1_CMBI_LU0003_LXCLA,LU0003 PIMCO-E LNG AVG DUR - INS AC_1_CMBI_LU0003__C667547-54_LU0003_1_CMBI_LU0003_LXCLA,RC630,RC630,,LU0003_LXCLA,PROFIT_PART,AA,1,180234.99,21.99810147,21.99810147,EEA Sovereign Bond,5,1.998101473,0,0,0,0,0,0.133433171,0,0
C667547-50_LU0003_1_CMBI_LU0003_LXCLA,LU0003 PIMCO-E LNG AVG DUR - INS AC_1_CMBI_LU0003__C667547-50_LU0003_1_CMBI_LU0003_LXCLA,RC630,RC630,,LU0003_LXCLA,PROFIT_PART,A,2,521326.77,8.93882215,8.93882215,EEA Sovereign Bond,2,3.93882215,0,0,0,0,0,0.133433171,0,0
C667547-57_LU0003_1_CMBI_LU0003_LXCLA,LU0003 PIMCO-E LNG AVG DUR - INS AC_1_CMBI_LU0003__C667547-57_LU0003_1_CMBI_LU0003_LXCLA,RC630,RC630,,LU0003_LXCLA,PROFIT_PART,AAA,0,379990.72,29.64815497,29.64815497,EEA Sovereign Bond,5,9.648154974,0,0,0,0,0,0.133433171,0,0
CASH_EUR,CASH_EUR_CASH_EUR,RC630,RC630,,LU0003_LXCLA,PROFIT_PART,NR,unrated,-0.00001065,0,1,EEA Sovereign Bond,1,1,0,0,0,0,0,0.133433171,0,0
C667547-78_LU0003_1_CMBI_LU0003_LXCLA,LU0003 PIMCO-E LNG AVG DUR - INS AC_1_CMBI_LU0003__C667547-78_LU0003_1_CMBI_LU0003_LXCLA,RC630,RC630,,LU0003_LXCLA,PROFIT_PART,AA,1,1195438.92,27.90465057,27.90465057,EEA Sovereign Bond,5,7.904650569,0,0,0,0,0,0.133433171,0,0
C667547-79_LU0003_1_CMBI_LU0003_LXCLA,LU0003 PIMCO-E LNG AVG DUR - INS AC_1_CMBI_LU0003__C667547-79_LU0003_1_CMBI_LU0003_LXCLA,RC630,RC630,,LU0003_LXCLA,PROFIT_PART,AAA,0,474397.74,16.88358784,16.88358784,EEA Sovereign Bond,4,1.883587837,0,0,0,0,0,0.133433171,0,0
C667547-72_LU0003_1_CMBI_LU0003_LXCLA,LU0003 PIMCO-E LNG AVG DUR - INS AC_1_CMBI_LU0003__C667547-72_LU0003_1_CMBI_LU0003_LXCLA,RC630,RC630,,LU0003_LXCLA,PROFIT_PART,AA,1,973643.38,13.78824711,13.78824711,EEA Sovereign Bond,3,3.788247108,0,0,0,0,0,0.133433171,0,0
C667547-74_LU0003_1_CMBI_LU0003_LXCLA,LU0003 PIMCO-E LNG AVG DUR - INS AC_1_CMBI_LU0003__C667547-74_LU0003_1_CMBI_LU0003_LXCLA,RC630,RC630,,LU0003_LXCLA,PROFIT_PART,A,2,64566.84,4.737240076,4.737240076,EEA Sovereign Bond,1,4.737240076,0,0,0,0,0,0.133433171,0,0
C667547-76_LU0003_1_CMBI_LU0003_LXCLA,LU0003 PIMCO-E LNG AVG DUR - INS AC_1_CMBI_LU0003__C667547-76_LU0003_1_CMBI_LU0003_LXCLA,RC630,RC630,,LU0003_LXCLA,PROFIT_PART,BBB,3,128906.14,8.829823136,8.829823136,EEA Sovereign Bond,2,3.829823136,0,0,0,0,0,0.133433171,0,0
C667547-59_LU0003_1_CMBI_LU0003_LXCLA,LU0003 PIMCO-E LNG AVG DUR - INS AC_1_CMBI_LU0003__C667547-59_LU0003_1_CMBI_LU0003_LXCLA,RC630,RC630,,LU0003_LXCLA,PROFIT_PART,A,2,51144.04,34.79050994,34.79050994,EEA Sovereign Bond,5,14.79050994,0,0,0,0,0,0.133433171,0,0
C667547-56_LU0003_1_CMBI_LU0003_LXCLA,LU0003 PIMCO-E LNG AVG DUR - INS AC_1_CMBI_LU0003__C667547-56_LU0003_1_CMBI_LU0003_LXCLA,RC630,RC630,,LU0003_LXCLA,PROFIT_PART,AAA,0,44225.05,7.343569398,7.343569398,EEA Sovereign Bond,2,2.343569398,0,0,0,0,0,0.133433171,0,0
499095,NETHERLANDS GOVERNMENT FIX 3.750% 15.01.2023_499095,RC630,RC630,,LU0003_LXCLA,PROFIT_PART,AAA,0,2171909.637,1.510616224,1.510616224,EEA Sovereign Bond,1,1.510616224,0,0,0,0,0,0.133433171,0,0
C667547-31_LU0003_1_CMBI_LU0003_LXCLA,LU0003 PIMCO-E LNG AVG DUR - INS AC_1_CMBI_LU0003__C667547-31_LU0003_1_CMBI_LU0003_LXCLA,RC630,RC630,,LU0003_LXCLA,PROFIT_PART,AAA,0,916091.88,19.25321519,19.25321519,EEA Sovereign Bond,4,4.253215194,0,0,0,0,0,0.133433171,0,0
C667547-32_LU0003_1_CMBI_LU0003_LXCLA,LU0003 PIMCO-E LNG AVG DUR - INS AC_1_CMBI_LU0003__C667547-32_LU0003_1_CMBI_LU0003_LXCLA,RC630,RC630,,LU0003_LXCLA,PROFIT_PART,AAA,0,133853.68,23.68504703,23.68504703,EEA Sovereign Bond,5,3.68504703,0,0,0,0,0,0.133433171,0,0
C667547-33_LU0003_1_CMBI_LU0003_LXCLA,LU0003 PIMCO-E LNG AVG DUR - INS AC_1_CMBI_LU0003__C667547-33_LU0003_1_CMBI_LU0003_LXCLA,RC630,RC630,,LU0003_LXCLA,PROFIT_PART,A,2,294068.57,16.65706038,16.65706038,EEA Sovereign Bond,4,1.657060385,0,0,0,0,0,0.133433171,0,0
C667547-1_LU0003_1_CMBI_LU0003_LXCLA,LU0003 PIMCO-E LNG AVG DUR - INS AC_1_CMBI_LU0003__C667547-1_LU0003_1_CMBI_LU0003_LXCLA,RC630,RC630,,LU0003_LXCLA,PROFIT_PART,AA,1,1146629.98,13.47652376,13.47652376,EEA Sovereign Bond,3,3.476523757,0,0,0,0,0,0.133433171,0,0
C667547-27_LU0003_1_CMBI_LU0003_LXCLA,LU0003 PIMCO-E LNG AVG DUR - INS AC_1_CMBI_LU0003__C667547-27_LU0003_1_CMBI_LU0003_LXCLA,RC630,RC630,,LU0003_LXCLA,PROFIT_PART,AAA,0,285505.03,9.094706178,9.094706178,EEA Sovereign Bond,2,4.094706178,0,0,0,0,0,0.133433171,0,0
C667547-26_LU0003_1_CMBI_LU0003_LXCLA,LU0003 PIMCO-E LNG AVG DUR - INS AC_1_CMBI_LU0003__C667547-26_LU0003_1_CMBI_LU0003_LXCLA,RC630,RC630,,LU0003_LXCLA,PROFIT_PART,AAA,0,544603.82,8.014217019,8.014217019,EEA Sovereign Bond,2,3.014217019,0,0,0,0,0,0.133433171,0,0
C667547-34_LU0003_1_CMBI_LU0003_LXCLA,LU0003 PIMCO-E LNG AVG DUR - INS AC_1_CMBI_LU0003__C667547-34_LU0003_1_CMBI_LU0003_LXCLA,RC630,RC630,,LU0003_LXCLA,PROFIT_PART,AA,1,658543.22,15.66999257,15.66999257,EEA Sovereign Bond,4,0.669992566,0,0,0,0,0,0.133433171,0,0
C667547-36_LU0003_1_CMBI_LU0003_LXCLA,LU0003 PIMCO-E LNG AVG DUR - INS AC_1_CMBI_LU0003__C667547-36_LU0003_1_CMBI_LU0003_LXCLA,RC630,RC630,,LU0003_LXCLA,PROFIT_PART,AA,1,1514230.73,21.01625502,21.01625502,EEA Sovereign Bond,5,1.016255021,0,0,0,0,0,0.133433171,0,0
C667547-45_LU0003_1_CMBI_LU0003_LXCLA,LU0003 PIMCO-E LNG AVG DUR - INS AC_1_CMBI_LU0003__C667547-45_LU0003_1_CMBI_LU0003_LXCLA,RC630,RC630,,LU0003_LXCLA,PROFIT_PART,AA,1,14447.81,64.98607993,64.98607993,EEA Sovereign Bond,5,44.98607993,0,0,0,0,0,0.133433171,0,0
C667547-39_LU0003_1_CMBI_LU0003_LXCLA,LU0003 PIMCO-E LNG AVG DUR - INS AC_1_CMBI_LU0003__C667547-39_LU0003_1_CMBI_LU0003_LXCLA,RC630,RC630,,LU0003_LXCLA,PROFIT_PART,AA,1,1515558.48,23.65064621,23.65064621,EEA Sovereign Bond,5,3.65064621,0,0,0,0,0,0.133433171,0,0
C667547-40_LU0003_1_CMBI_LU0003_LXCLA,LU0003 PIMCO-E LNG AVG DUR - INS AC_1_CMBI_LU0003__C667547-40_LU0003_1_CMBI_LU0003_LXCLA,RC630,RC630,,LU0003_LXCLA,PROFIT_PART,BBB,3,123291.17,6.702706218,6.702706218,EEA Sovereign Bond,2,1.702706218,0,0,0,0,0,0.133433171,0,0
8452279,NETHERLAND GOVT STRIP JA36 ZERO 15.01.2036_8452279,RC630,RC630,,LU0003_LXCLA,PROFIT_PART,AAA,0,682500,14.60485605,14.60485605,EEA Sovereign Bond,3,4.604856051,0,0,0,0,0,0.133433171,0,0
8452273,BUNDESREPUB. DEUTSCHLAND ZERO 04.07.2038_8452273,RC630,RC630,,LU0003_LXCLA,PROFIT_PART,AAA,0,680225.0214,17.10423445,17.10423445,EEA Sovereign Bond,4,2.104234445,0,0,0,0,0,0.133433171,0,0
24395223_LU0003_LU0003_LXEUR,LU0003 FRENCH DISCOUNT T-BILL BP3482521_IE00BK9YL0_24395223_LU0003_LU0003_LXEUR,RC630,RC630,,LU0003_LXEUR,PROFIT_PART,AA,1,81.92371882,0.095893827,1,EEA Sovereign Bond,1,1,0,0,0,0,0,0.063252303,0,0
C667547-61_LU0003_1_CMBI_LU0003_LXCLA,LU0003 PIMCO-E LNG AVG DUR - INS AC_1_CMBI_LU0003__C667547-61_LU0003_1_CMBI_LU0003_LXCLA,RC630,RC630,,LU0003_LXCLA,PROFIT_PART,AAA,0,338480.96,14.68193829,14.68193829,EEA Sovereign Bond,3,4.681938291,0,0,0,0,0,0.133433171,0,0
2753974,BELGIUM KINGDOM 61 FIX 4.250% 28.09.2021_2753974,RC630,RC630,,LU0003_LXEUR,PROFIT_PART,AA,1,3131161.652,0.246578024,1,EEA Sovereign Bond,1,1,0,0,0,0,0,0.063252303,0,0
2999108,BELGIUM KINGDOM 64 FIX 4.500% 28.03.2026_2999108,RC630,RC630,,LU0003_LXEUR,PROFIT_PART,AA,1,1251789.017,4.382948257,4.382948257,EEA Sovereign Bond,1,4.382948257,0,0,0,0,0,0.063252303,0,0
24395192_LU0003_LU0003_LXEUR,LU0003 FRENCH DISCOUNT T-BILL BP4495696_IE00B5ZR21_24395192_LU0003_LU0003_LXEUR,RC630,RC630,,LU0003_LXEUR,PROFIT_PART,AA,1,11.66892813,0.306851275,1,EEA Sovereign Bond,1,1,0,0,0,0,0,0.063252303,0,0
155342,BELGIUM BE-STRIP MR28 ZERO 28.03.2023_155342,RC630,RC630,,LU0003_LXCLA,PROFIT_PART,AA,1,4042799.988,1.742554622,1.742554622,EEA Sovereign Bond,1,1.742554622,0,0,0,0,0,0.133433171,0,0
147412,NETHERLANDS GOVERNMENT FIX 7.500% 15.01.2023_147412,RC630,RC630,,LU0003_LXCLA,PROFIT_PART,AAA,0,580554.8096,1.480458898,1.480458898,EEA Sovereign Bond,1,1.480458898,0,0,0,0,0,0.133433171,0,0
629102,BUNDESREPUB. DEUTSCHLAND 2007 FIX 4.250% 04.07.203_629102,RC630,RC630,,LU0003_LXCLA,PROFIT_PART,AAA,0,7931106.75,13.97221101,13.97221101,EEA Sovereign Bond,3,3.972211008,0,0,0,0,0,0.133433171,0,0
2373826,BELGIUM BE-STRIP MR35 ZERO 28.03.2030_2373826,RC630,RC630,,LU0003_LXCLA,PROFIT_PART,AA,1,6033900.146,8.759108388,8.759108388,EEA Sovereign Bond,2,3.759108388,0,0,0,0,0,0.133433171,0,0
262358,BUNDESREPUB. DEUTSCHLAND 03 FIX 4.750% 04.07.2034_262358,RC630,RC630,,LU0003_LXEUR,PROFIT_PART,AAA,0,2861693.019,10.4390466,10.4390466,EEA Sovereign Bond,3,0.439046602,0,0,0,0,0,0.063252303,0,0
1043463,BUNDESREPUB. DEUTSCHLAND 08 FIX 4.750% 04.07.2040_1043463,RC630,RC630,,LU0003_LXCLA,PROFIT_PART,AAA,0,6696344.398,14.35182102,14.35182102,EEA Sovereign Bond,3,4.351821025,0,0,0,0,0,0.133433171,0,0
961384,BUONI POLIENNALI DEL TES FIX 4.750% 01.08.2023_961384,RC630,RC630,,LU0003_LXCLA,PROFIT_PART,BBB,3,1689014.511,1.982409315,1.982409315,EEA Sovereign Bond,1,1.982409315,0,0,0,0,0,0.133433171,0,0
C667547-11_LU0003_1_CMBI_LU0003_LXCLA,LU0003 PIMCO-E LNG AVG DUR - INS AC_1_CMBI_LU0003__C667547-11_LU0003_1_CMBI_LU0003_LXCLA,RC630,RC630,,LU0003_LXCLA,PROFIT_PART,AA,1,136854.54,18.41108799,18.41108799,EEA Sovereign Bond,4,3.41108799,0,0,0,0,0,0.133433171,0,0
C667547-12_LU0003_1_CMBI_LU0003_LXCLA,LU0003 PIMCO-E LNG AVG DUR - INS AC_1_CMBI_LU0003__C667547-12_LU0003_1_CMBI_LU0003_LXCLA,RC630,RC630,,LU0003_LXCLA,PROFIT_PART,AA,1,1157661.94,19.25076544,19.25076544,EEA Sovereign Bond,4,4.250765443,0,0,0,0,0,0.133433171,0,0
24139124_LU0003_LU0003_LXEUR,LU0003 GERMAN TREASURY BILL BK5742816_IE00BK9YL094_24139124_LU0003_LU0003_LXEUR,RC630,RC630,,LU0003_LXEUR,PROFIT_PART,AAA,0,1075.150314,0.076711419,1,EEA Sovereign Bond,1,1,0,0,0,0,0,0.063252303,0,0
4513159,ITALY BTPS HYBRID ZERO 01.11.2022_4513159,RC630,RC630,,LU0003_LXCLA,PROFIT_PART,BBB,3,1004907.532,1.339765239,1.339765239,EEA Sovereign Bond,1,1.339765239,0,0,0,0,0,0.133433171,0,0
493343,BUONI POLIENNALI DEL TES FIX 3.750% 01.08.2021_493343,RC630,RC630,,LU0003_LXCLA,PROFIT_PART,BBB,3,3056454.849,0.087671313,1,EEA Sovereign Bond,1,1,0,0,0,0,0,0.133433171,0,0
477552,BUNDESREPUB. DEUTSCHLAND ZERO 04.07.2028 DE0001143_477552,RC630,RC630,,LU0003_LXCLA,PROFIT_PART,AAA,0,2561400.032,7.022194988,7.022194988,EEA Sovereign Bond,2,2.022194988,0,0,0,0,0,0.133433171,0,0
2402965,BELGIUM BE-STRIP MR35 ZERO 28.03.2033_2402965,RC630,RC630,,LU0003_LXCLA,PROFIT_PART,AA,1,3882760.01,11.77774662,11.77774662,EEA Sovereign Bond,3,1.777746618,0,0,0,0,0,0.133433171,0,0
2402967,BELGIUM BE-STRIP MR41 ZERO 28.03.2036_2402967,RC630,RC630,,LU0003_LXCLA,PROFIT_PART,AA,1,934800.0336,14.80700726,14.80700726,EEA Sovereign Bond,3,4.807007257,0,0,0,0,0,0.133433171,0,0
2402964,BELGIUM BE-STRIP MR35 ZERO 28.03.2032_2402964,RC630,RC630,,LU0003_LXCLA,PROFIT_PART,AA,1,2957340.088,10.77140561,10.77140561,EEA Sovereign Bond,3,0.771405614,0,0,0,0,0,0.133433171,0,0
2402966,BELGIUM BE-STRIP MR35 ZERO 28.03.2034_2402966,RC630,RC630,,LU0003_LXCLA,PROFIT_PART,AA,1,3823359.985,12.7852622,12.7852622,EEA Sovereign Bond,3,2.785262204,0,0,0,0,0,0.133433171,0,0
C9718804-44_LU0003_1_CMBI_LU0003_LXCLA,LU0003 PIMCO GIS-EURO CREDIT-INS-I_1_CMBI_LU0003_L_C9718804-44_LU0003_1_CMBI_LU0003_LXCLA,RC630,RC630,,LU0003_LXCLA,PROFIT_PART,AAA,0,32645.31,0.50137341,1,EEA Sovereign Bond,1,1,0,0,0,0,0,0.133433171,0,0
2321380,NETHERLANDS GOVERNMENT FIX 3.750% 15.01.2042_2321380,RC630,RC630,,LU0003_LXCLA,PROFIT_PART,AAA,0,6318078.236,16.05531618,16.05531618,EEA Sovereign Bond,4,1.055316181,0,0,0,0,0,0.133433171,0,0
2319641,BELGIUM BE-STRIP MR35 ZERO 28.03.2035_2319641,RC630,RC630,,LU0003_LXCLA,PROFIT_PART,AA,1,2841120.071,13.7940592,13.7940592,EEA Sovereign Bond,3,3.7940592,0,0,0,0,0,0.133433171,0,0
24394935_LU0003_LU0003_LXEUR,LU0003 FRENCH DISCOUNT T-BILL BP1320699_IE00B5ZR21_24394935_LU0003_LU0003_LXEUR,RC630,RC630,,LU0003_LXEUR,PROFIT_PART,AA,1,194.4977453,0.057532509,1,EEA Sovereign Bond,1,1,0,0,0,0,0,0.063252303,0,0
147347,BELGIUM KINGDOM 31 FIX 5.500% 28.03.2028_147347,RC630,RC630,,LU0003_LXCLA,PROFIT_PART,AA,1,707052.1545,5.9219427,5.9219427,EEA Sovereign Bond,2,0.9219427,0,0,0,0,0,0.133433171,0,0
147343,BONOS Y OBLIG DEL ESTADO FIX 6.000% 31.01.2029_147343,RC630,RC630,,LU0003_LXCLA,PROFIT_PART,A,2,5883217.773,6.447498429,6.447498429,EEA Sovereign Bond,2,1.447498429,0,0,0,0,0,0.133433171,0,0
24139298_LU0003_LU0003_LXEUR,LU0003 FRENCH DISCOUNT T-BILL BO5639360_IE00BK9YL0_24139298_LU0003_LU0003_LXEUR,RC630,RC630,,LU0003_LXEUR,PROFIT_PART,AA,1,148.5392017,0.153423167,1,EEA Sovereign Bond,1,1,0,0,0,0,0,0.063252303,0,0
24139302_LU0003_LU0003_LXEUR,LU0003 FRANCE T-BILL BO9204583_IE00BK9YL094_EUR LU_24139302_LU0003_LU0003_LXEUR,RC630,RC630,,LU0003_LXEUR,PROFIT_PART,AA,1,1212.9059,0.019175882,1,EEA Sovereign Bond,1,1,0,0,0,0,0,0.063252303,0,0
527870,BELGIUM BE-STRIP MR28 ZERO 28.03.2024_527870,RC630,RC630,,LU0003_LXCLA,PROFIT_PART,AA,1,5078499.985,2.745549213,2.745549213,EEA Sovereign Bond,1,2.745549213,0,0,0,0,0,0.133433171,0,0
517699,BELGIUM BE-STRIP MR28 ZERO 28.03.2027_517699,RC630,RC630,,LU0003_LXCLA,PROFIT_PART,AA,1,4083999.939,5.748367769,5.748367769,EEA Sovereign Bond,2,0.748367769,0,0,0,0,0,0.133433171,0,0
497663,BUONI POLIENNALI STRIP ZERO 01.08.2024_497663,RC630,RC630,,LU0003_LXCLA,PROFIT_PART,BBB,3,1001267.471,3.090900488,3.090900488,EEA Sovereign Bond,1,3.090900488,0,0,0,0,0,0.133433171,0,0
