Asset ID,Asset Name,Solo,Entity Code,SubEntity Code,Fund/LoB Name,Fund/LoB Type,Rating,Credit Quality Step,Market Value (MVi),Modified Duration,Duration,Securitization category,Duration Class,Corrected Duration,Multiplication Factor,Step Up Factor,"F(Rating, Duration)",Capital Charge,Capital Charge UL,Credit Spread Relief Factor,LAC of TP,LAC of TP UL
22554600,MCMLT 2017-2 A1 MBS FIX 2.750% 25.07.2059_22554600,RC630,RC630,,LU0003_LXEUR,PROFIT_PART,AAA,0,502.5615439,3.55571425,3.55571425,Type 1 Securitization,1,3.55571425,0.01,0,0.035557142,17.86965243,0,0.063252303,1.130296677,0
6987699_LU0003_LU0003_LXEUR,LU0003 SAIL 2004-7 A7 MBS VAR 25.08.2034 LU0003_LX_6987699_LU0003_LU0003_LXEUR,RC630,RC630,,LU0003_LXEUR,PROFIT_PART,A,2,24.21864736,0.068491378,1,Type 1 Securitization,1,1,0.016,0,0.016,0.387498358,0,0.063252303,0.024510164,0
12488134,CCCIT 2017-A5 A5 ABS VAR 22.04.2026_12488134,RC630,RC630,,LU0003_LXEUR,PROFIT_PART,AAA,0,0.000480596,0.071491916,1,Type 1 Securitization,1,1,0.01,0,0.01,4.80596E-06,0,0.063252303,3.03988E-07,0
12488134,CCCIT 2017-A5 A5 ABS VAR 22.04.2026_12488134,RC630,RC630,,LU0003_LXEUR,PROFIT_PART,AAA,0,718.4783212,0.071491916,1,Type 1 Securitization,1,1,0.01,0,0.01,7.184783212,0,0.063252303,0.454454087,0
22554345,FN AL7090 MBS VAR 01.10.2037_22554345,RC630,RC630,,LU0003_LXEUR,PROFIT_PART,AAA,0,45.43822386,0.125057065,1,Type 1 Securitization,1,1,0.01,0,0.01,0.454382239,0,0.063252303,0.028740723,0
6981536_LU0003_LU0003_LXEUR,LU0003 RAAC 2006-RP1 M2 MBS VAR 25.10.2045 LU0003__6981536_LU0003_LU0003_LXEUR,RC630,RC630,,LU0003_LXEUR,PROFIT_PART,A,2,259.8959877,0.068491482,1,Type 1 Securitization,1,1,0.016,0,0.016,4.158335803,0,0.063252303,0.263024318,0
6958102_LU0003_LU0003_LXEUR,LU0003 RAMP 2005-EFC5 M2 MBS VAR 25.10.2035 LU0003_6958102_LU0003_LU0003_LXEUR,RC630,RC630,,LU0003_LXEUR,PROFIT_PART,AAA,0,28.93889129,0.068491361,1,Type 1 Securitization,1,1,0.01,0,0.01,0.289388913,0,0.063252303,0.018304515,0
7013364_LU0003_LU0003_LXEUR,LU0003 JPMAC 2007-CH3 A5 MBS VAR 25.03.2037 LU0003_7013364_LU0003_LU0003_LXEUR,RC630,RC630,,LU0003_LXEUR,PROFIT_PART,BBB,3,428.3634554,0.058256215,1,Type 1 Securitization,1,1,0.028,0,0.028,11.99417675,0,0.063252303,0.758659307,0
4948114_LU0003_LU0003_LXEUR,LU0003 CMLTI 2005-OPT4 M4 MBS VAR 25.07.2035 LU000_4948114_LU0003_LU0003_LXEUR,RC630,RC630,,LU0003_LXEUR,PROFIT_PART,A,2,427.5587643,0.068495501,1,Type 1 Securitization,1,1,0.016,0,0.016,6.840940228,0,0.063252303,0.432705227,0
4766563_LU0003_LU0003_LXEUR,LU0003 AMSI 2005-R3 M4 MBS VAR 25.05.2035 LU0003_L_4766563_LU0003_LU0003_LXEUR,RC630,RC630,,LU0003_LXEUR,PROFIT_PART,A,2,1777.961511,0.068497162,1,Type 1 Securitization,1,1,0.016,0,0.016,28.44738418,0,0.063252303,1.799362574,0
6862136_LU0003_LU0003_LXEUR,LU0003 JPMAC 2007-CH4 A4 MBS VAR 25.01.2036 LU0003_6862136_LU0003_LU0003_LXEUR,RC630,RC630,,LU0003_LXEUR,PROFIT_PART,AA,1,13.589981,0.069661622,1,Type 1 Securitization,1,1,0.012,0,0.012,0.163079772,0,0.063252303,0.010315171,0
6846432_LU0003_LU0003_LXEUR,LU0003 FFML 2005-FFH1 M1 MBS VAR 25.06.2036 LU0003_6846432_LU0003_LU0003_LXEUR,RC630,RC630,,LU0003_LXEUR,PROFIT_PART,AAA,0,95.32064697,0.068495287,1,Type 1 Securitization,1,1,0.01,0,0.01,0.95320647,0,0.063252303,0.060292505,0
7051864_LU0003_LU0003_LXEUR,LU0003 JPMAC 2007-CH2 MV1 MBS VAR 25.01.2037 LU000_7051864_LU0003_LU0003_LXEUR,RC630,RC630,,LU0003_LXEUR,PROFIT_PART,BBB,3,529.0670357,0.065145119,1,Type 1 Securitization,1,1,0.028,0,0.028,14.813877,0,0.063252303,0.937011842,0
4122074_LU0003_LU0003_LXEUR,LU0003 BSABS 2006-SD2 M1 MBS VAR 25.06.2036 LU0003_4122074_LU0003_LU0003_LXEUR,RC630,RC630,,LU0003_LXEUR,PROFIT_PART,A,2,225.8354598,0.068492706,1,Type 1 Securitization,1,1,0.016,0,0.016,3.613367358,0,0.063252303,0.228553808,0
13321999,TPMT 2017-4 A1 MBS FIX 2.750% 25.06.2057_13321999,RC630,RC630,,LU0003_LXCLA,PROFIT_PART,AAA,0,0.000839185,3.934641399,3.934641399,Type 1 Securitization,1,3.934641399,0.01,0,0.039346414,3.30189E-05,0,0.133433171,4.40582E-06,0
7313749_LU0003_LU0003_LXEUR,LU0003 SASC 2006-WF3 M1 MBS VAR 25.09.2036 LU0003__7313749_LU0003_LU0003_LXEUR,RC630,RC630,,LU0003_LXEUR,PROFIT_PART,AA,1,280.0525006,0.065981343,1,Type 1 Securitization,1,1,0.012,0,0.012,3.360630008,0,0.063252303,0.212567589,0
2738146_LU0003_LU0003_LXCLA,LU0003 FN 845071 MBS VAR 01.12.2035 LU0003_LXCLA_2738146_LU0003_LU0003_LXCLA,RC630,RC630,,LU0003_LXCLA,PROFIT_PART,AAA,0,0.088706385,-0.078304295,1,Type 1 Securitization,1,1,0.01,0,0.01,0.000887064,0,0.133433171,0.000118364,0
2733769_LU0003_LU0003_LXCLA,LU0003 FN 866066 MBS VAR 01.03.2036 LU0003_LXCLA_2733769_LU0003_LU0003_LXCLA,RC630,RC630,,LU0003_LXCLA,PROFIT_PART,AAA,0,0.146315357,0.004901213,1,Type 1 Securitization,1,1,0.01,0,0.01,0.001463154,0,0.133433171,0.000195233,0
6313452_LU0003_LU0003_LXEUR,LU0003 PPSI 2005-WCH1 M4 MBS VAR 25.01.2036 LU0003_6313452_LU0003_LU0003_LXEUR,RC630,RC630,,LU0003_LXEUR,PROFIT_PART,A,2,402.733532,0.068497757,1,Type 1 Securitization,1,1,0.016,0,0.016,6.443736513,0,0.063252303,0.407581177,0
3870714_LU0003_LU0003_LXEUR,LU0003 RAAC 2007-SP3 A1 MBS VAR 25.09.2047 LU0003__3870714_LU0003_LU0003_LXEUR,RC630,RC630,,LU0003_LXEUR,PROFIT_PART,AA,1,274.073038,0.079056138,1,Type 1 Securitization,1,1,0.012,0,0.012,3.288876456,0,0.063252303,0.208029011,0
4279957,GEWMC 2005-2 A2C MBS VAR 25.12.2035_4279957,RC630,RC630,,LU0003_LXEUR,PROFIT_PART,A,2,123.7984179,0.068494826,1,Type 1 Securitization,1,1,0.016,0,0.016,1.980774686,0,0.063252303,0.125288561,0
16974047,GFORT 2018-4 A2 ABS VAR 15.09.2023_16974047,RC630,RC630,,LU0003_LXCLA,PROFIT_PART,AAA,0,0.001100939,0.032953499,1,Type 1 Securitization,1,1,0.01,0,0.01,1.10094E-05,0,0.133433171,1.46902E-06,0
525297_LU0003_LU0003_LXEUR,LU0003 CWL 2004-1 3A MBS VAR 25.04.2034 LU0003_LXE_525297_LU0003_LU0003_LXEUR,RC630,RC630,,LU0003_LXEUR,PROFIT_PART,AAA,0,26.08210221,0.068488,1,Type 1 Securitization,1,1,0.01,0,0.01,0.260821022,0,0.063252303,0.01649753,0
4172301,FFML 2005-FF9 A4 MBS VAR 25.10.2035_4172301,RC630,RC630,,LU0003_LXEUR,PROFIT_PART,BBB,3,709.1160287,0.068487941,1,Type 1 Securitization,1,1,0.028,0,0.028,19.8552488,0,0.063252303,1.255890221,0
4172303,LXS 2005-4 1A3 MBS VAR 25.10.2035_4172303,RC630,RC630,,LU0003_LXEUR,PROFIT_PART,AA,1,214.5218384,0.06849142,1,Type 1 Securitization,1,1,0.012,0,0.012,2.574262061,0,0.063252303,0.162828005,0
4165718_LU0003_LU0003_LXEUR,LU0003 PPSI 2005-WHQ1 M4 ABS FLOAT 25.03.35 LU0003_4165718_LU0003_LU0003_LXEUR,RC630,RC630,,LU0003_LXEUR,PROFIT_PART,A,2,446.6179856,0.068494386,1,Type 1 Securitization,1,1,0.016,0,0.016,7.14588777,0,0.063252303,0.451993861,0
6181983_LU0003_LU0003_LXEUR,LU0003 AMSI 2004-R9 M3 MBS VAR 25.10.2034 LU0003_L_6181983_LU0003_LU0003_LXEUR,RC630,RC630,,LU0003_LXEUR,PROFIT_PART,BBB,3,468.457649,0.068495611,1,Type 1 Securitization,1,1,0.028,0,0.028,13.11681417,0,0.063252303,0.829668709,0
4370375_LU0003_LU0003_LXEUR,LU0003 JPMAC 2007-CH5 A5 MBS VAR 25.06.2037 LU0003_4370375_LU0003_LU0003_LXEUR,RC630,RC630,,LU0003_LXEUR,PROFIT_PART,AA,1,1192.538188,0.056811119,1,Type 1 Securitization,1,1,0.012,0,0.012,14.31045826,0,0.063252303,0.905169447,0
4455214_LU0003_LU0003_LXEUR,LU0003 RAAC 2006-SP3 M1 MBS VAR 25.08.2036 LU0003__4455214_LU0003_LU0003_LXEUR,RC630,RC630,,LU0003_LXEUR,PROFIT_PART,AA,1,349.51486,0.068496513,1,Type 1 Securitization,1,1,0.012,0,0.012,4.19417832,0,0.063252303,0.26529144,0
7223154_LU0003_LU0003_LXEUR,LU0003 SAIL 2003-BC6 M1 MBS VAR 25.07.2033 LU0003__7223154_LU0003_LU0003_LXEUR,RC630,RC630,,LU0003_LXEUR,PROFIT_PART,BBB,3,62.94557775,0.068493113,1,Type 1 Securitization,1,1,0.028,0,0.028,1.762476177,0,0.063252303,0.111480678,0
6058800_LU0003_LU0003_LXEUR,LU0003 MLMI 2005-FM1 M1 MBS VAR 25.05.2036 LU0003__6058800_LU0003_LU0003_LXEUR,RC630,RC630,,LU0003_LXEUR,PROFIT_PART,BBB,3,266.3106829,0.068489645,1,Type 1 Securitization,1,1,0.028,0,0.028,7.456699121,0,0.063252303,0.471653395,0
C667547-65_LU0003_1_CMBI_LU0003_LXCLA,LU0003 PIMCO-E LNG AVG DUR - INS AC_1_CMBI_LU0003__C667547-65_LU0003_1_CMBI_LU0003_LXCLA,RC630,RC630,,LU0003_LXCLA,PROFIT_PART,AAA,0,259869.8,0.50137341,1,Senior STS Securitization,1,1,0.01,0,0.01,2598.698,0,0.133433171,346.752514,0
16974894,TPMT 2017-5 A1 MBS VAR 25.02.2057_16974894,RC630,RC630,,LU0003_LXCLA,PROFIT_PART,AAA,0,9.29783E-06,0.068277287,1,Type 1 Securitization,1,1,0.01,0,0.01,9.29783E-08,0,0.133433171,1.24064E-08,0
16975229_LU0003_LU0003_LXCLA,LU0003 CFII 2018-2A A2 ABS VAR 15.08.2030 LU0003_L_16975229_LU0003_LU0003_LXCLA,RC630,RC630,,LU0003_LXCLA,PROFIT_PART,AAA,0,5.88667E-05,0.041241856,1,Type 1 Securitization,1,1,0.01,0,0.01,5.88667E-07,0,0.133433171,7.85477E-08,0
12488134,CCCIT 2017-A5 A5 ABS VAR 22.04.2026_12488134,RC630,RC630,,LU0003_LXCLA,PROFIT_PART,AAA,0,0.000247939,0.071491916,1,Type 1 Securitization,1,1,0.01,0,0.01,2.47939E-06,0,0.133433171,3.30833E-07,0
16975229_LU0003_LU0003_LXEUR,LU0003 CFII 2018-2A A2 ABS VAR 15.08.2030 LU0003_L_16975229_LU0003_LU0003_LXEUR,RC630,RC630,,LU0003_LXEUR,PROFIT_PART,AAA,0,0.000114094,0.041240606,1,Type 1 Securitization,1,1,0.01,0,0.01,1.14094E-06,0,0.063252303,7.21672E-08,0
7116524_LU0003_LU0003_LXEUR,LU0003 SASC 2007-WF2 A3 MBS VAR 25.08.2037 LU0003__7116524_LU0003_LU0003_LXEUR,RC630,RC630,,LU0003_LXEUR,PROFIT_PART,A,2,205.648705,0.072475711,1,Type 1 Securitization,1,1,0.016,0,0.016,3.290379279,0,0.063252303,0.208124068,0
2738146_LU0003_LU0003_LXEUR,LU0003 FN 845071 MBS VAR 01.12.2035 LU0003_LXEUR_2738146_LU0003_LU0003_LXEUR,RC630,RC630,,LU0003_LXEUR,PROFIT_PART,AAA,0,0.171946422,-0.078304288,1,Type 1 Securitization,1,1,0.01,0,0.01,0.001719464,0,0.063252303,0.00010876,0
7196979_LU0003_LU0003_LXEUR,LU0003 RAAC 2006-SP1 M1 MBS VAR 25.09.2045 LU0003__7196979_LU0003_LU0003_LXEUR,RC630,RC630,,LU0003_LXEUR,PROFIT_PART,BBB,3,256.7664321,0.068496082,1,Type 1 Securitization,1,1,0.028,0,0.028,7.189460097,0,0.063252303,0.454749911,0
7217343_LU0003_LU0003_LXEUR,LU0003 CMLTI 2006-SHL1 M1 MBS VAR 25.11.2045 LU000_7217343_LU0003_LU0003_LXEUR,RC630,RC630,,LU0003_LXEUR,PROFIT_PART,A,2,151.1505162,0.068336157,1,Type 1 Securitization,1,1,0.016,0,0.016,2.418408259,0,0.063252303,0.152969893,0
7175530_LU0003_LU0003_LXEUR,LU0003 RAAC 2005-RP2 M3 MBS VAR 25.06.2035 LU0003__7175530_LU0003_LU0003_LXEUR,RC630,RC630,,LU0003_LXEUR,PROFIT_PART,AAA,0,78.22847615,0.068495167,1,Type 1 Securitization,1,1,0.01,0,0.01,0.782284761,0,0.063252303,0.049481313,0
482236_LU0003_LU0003_LXEUR,LU0003 CFAB 2002-2 1A5 MBS STEP 6.333% 25.04.2032 _482236_LU0003_LU0003_LXEUR,RC630,RC630,,LU0003_LXEUR,PROFIT_PART,BBB,3,505.1275054,0.068495717,1,Type 1 Securitization,1,1,0.028,0,0.028,14.14357015,0,0.063252303,0.89461339,0
482623_LU0003_LU0003_LXEUR,LU0003 CWL 2005-4 AF6 MBS FIX 4.740% 25.10.2035 LU_482623_LU0003_LU0003_LXEUR,RC630,RC630,,LU0003_LXEUR,PROFIT_PART,AAA,0,6.244358768,0.068492253,1,Type 1 Securitization,1,1,0.01,0,0.01,0.062443588,0,0.063252303,0.003949701,0
C667547-3_LU0003_1_CMBI_LU0003_LXCLA,LU0003 PIMCO-E LNG AVG DUR - INS AC_1_CMBI_LU0003__C667547-3_LU0003_1_CMBI_LU0003_LXCLA,RC630,RC630,,LU0003_LXCLA,PROFIT_PART,BBB,3,90205.75,12.58043647,12.58043647,Senior STS Securitization,3,2.580436468,0.011,0.225,0.253384801,22856.76603,0,0.133433171,3049.850764,0
20151593,SAST 2007-3 1A MBS VAR 25.09.2037_20151593,RC630,RC630,,LU0003_LXEUR,PROFIT_PART,BBB,3,7.408485773,-0.076106843,1,Type 1 Securitization,1,1,0.028,0,0.028,0.207437602,0,0.063252303,0.013120906,0
1928277_LU0003_LU0003_LXEUR,LU0003 CWL 2006-1 AV3 MBS VAR 25.07.2036 LU0003_LX_1928277_LU0003_LU0003_LXEUR,RC630,RC630,,LU0003_LXEUR,PROFIT_PART,A,2,75.97517503,0.068492418,1,Type 1 Securitization,1,1,0.016,0,0.016,1.215602801,0,0.063252303,0.076889677,0
1928377_LU0003_LU0003_LXEUR,LU0003 CWL 2006-4 2A3 MBS VAR 25.07.2036 LU0003_LX_1928377_LU0003_LU0003_LXEUR,RC630,RC630,,LU0003_LXEUR,PROFIT_PART,A,2,476.4369312,0.068492909,1,Type 1 Securitization,1,1,0.016,0,0.016,7.622990899,0,0.063252303,0.482171733,0
1921309_LU0003_LU0003_LXEUR,LU0003 AMSI 2004-R5 M1 MBS VAR 25.07.2034 LU0003_L_1921309_LU0003_LU0003_LXEUR,RC630,RC630,,LU0003_LXEUR,PROFIT_PART,A,2,453.4679882,0.068495587,1,Type 1 Securitization,1,1,0.016,0,0.016,7.255487811,0,0.063252303,0.458926316,0
16975229_LU0003_LU0003_LXEUR,LU0003 CFII 2018-2A A2 ABS VAR 15.08.2030 LU0003_L_16975229_LU0003_LU0003_LXEUR,RC630,RC630,,LU0003_LXEUR,PROFIT_PART,AAA,0,170.5630203,0.041240606,1,Type 1 Securitization,1,1,0.01,0,0.01,1.705630203,0,0.063252303,0.107885039,0
14504601,FN AL7183 MBS VAR 01.01.2036_14504601,RC630,RC630,,LU0003_LXEUR,PROFIT_PART,AAA,0,0.000284026,0.149596377,1,Type 1 Securitization,1,1,0.01,0,0.01,2.84026E-06,0,0.063252303,1.79653E-07,0
15510671,CFII 2018-2A A1 ABS FIX 3.230% 15.08.2030_15510671,RC630,RC630,,LU0003_LXCLA,PROFIT_PART,AAA,0,4.73699E-05,0.291811237,1,Type 1 Securitization,1,1,0.01,0,0.01,4.73699E-07,0,0.133433171,6.32072E-08,0
15510671,CFII 2018-2A A1 ABS FIX 3.230% 15.08.2030_15510671,RC630,RC630,,LU0003_LXEUR,PROFIT_PART,AAA,0,9.1827E-05,0.291811237,1,Type 1 Securitization,1,1,0.01,0,0.01,9.1827E-07,0,0.063252303,5.80827E-08,0
15510671,CFII 2018-2A A1 ABS FIX 3.230% 15.08.2030_15510671,RC630,RC630,,LU0003_LXEUR,PROFIT_PART,AAA,0,232.9273846,0.291811237,1,Type 1 Securitization,1,1,0.01,0,0.01,2.329273846,0,0.063252303,0.147331936,0
14504604,FN AL5548 MBS VAR 01.05.2038_14504604,RC630,RC630,,LU0003_LXEUR,PROFIT_PART,AAA,0,65.1393818,0.127786334,1,Type 1 Securitization,1,1,0.01,0,0.01,0.651393818,0,0.063252303,0.041202159,0
14504604,FN AL5548 MBS VAR 01.05.2038_14504604,RC630,RC630,,LU0003_LXEUR,PROFIT_PART,AAA,0,4.3574E-05,0.127786334,1,Type 1 Securitization,1,1,0.01,0,0.01,4.3574E-07,0,0.063252303,2.75616E-08,0
14504601,FN AL7183 MBS VAR 01.01.2036_14504601,RC630,RC630,,LU0003_LXEUR,PROFIT_PART,AAA,0,424.6110858,0.149596377,1,Type 1 Securitization,1,1,0.01,0,0.01,4.246110858,0,0.063252303,0.268576292,0
1928008_LU0003_LU0003_LXEUR,LU0003 AMSI 2005-R7 M2 MBS VAR 25.09.2035 LU0003_L_1928008_LU0003_LU0003_LXEUR,RC630,RC630,,LU0003_LXEUR,PROFIT_PART,A,2,2725.435432,0.068494692,1,Type 1 Securitization,1,1,0.016,0,0.016,43.60696691,0,0.063252303,2.7582411,0
1921847_LU0003_LU0003_LXEUR,LU0003 SAIL 2004-8 M1 MBS VAR 25.09.2034 LU0003_LX_1921847_LU0003_LU0003_LXEUR,RC630,RC630,,LU0003_LXEUR,PROFIT_PART,BBB,3,103.1642157,0.068495228,1,Type 1 Securitization,1,1,0.028,0,0.028,2.888598039,0,0.063252303,0.182710479,0
1928752_LU0003_LU0003_LXEUR,LU0003 LBMLT 2005-WL3 M1 MBS VAR 25.11.2035 LU0003_1928752_LU0003_LU0003_LXEUR,RC630,RC630,,LU0003_LXEUR,PROFIT_PART,BBB,3,310.5392279,0.068493363,1,Type 1 Securitization,1,1,0.028,0,0.028,8.695098381,0,0.063252303,0.549985001,0
1928968_LU0003_LU0003_LXEUR,LU0003 MSAC 2006-WMC1 A2C MBS VAR 25.12.2035 LU000_1928968_LU0003_LU0003_LXEUR,RC630,RC630,,LU0003_LXEUR,PROFIT_PART,A,2,428.4169489,0.068487431,1,Type 1 Securitization,1,1,0.016,0,0.016,6.854671183,0,0.063252303,0.433573741,0
1006987_LU0003_LU0003_LXCLA,LU0003 FN 961611 MBS FIX 5.500% 01.02.2038 LU0003__1006987_LU0003_LU0003_LXCLA,RC630,RC630,,LU0003_LXCLA,PROFIT_PART,AAA,0,0.016407852,3.494986229,3.494986229,Type 1 Securitization,1,3.494986229,0.01,0,0.034949862,0.000573452,0,0.133433171,7.65175E-05,0
1929090_LU0003_LU0003_LXEUR,LU0003 PPSI 2005-WCW2 M2 MBS VAR 25.07.2035 LU0003_1929090_LU0003_LU0003_LXEUR,RC630,RC630,,LU0003_LXEUR,PROFIT_PART,BBB,3,485.9946901,0.068492191,1,Type 1 Securitization,1,1,0.028,0,0.028,13.60785132,0,0.063252303,0.86072794,0
1929112_LU0003_LU0003_LXEUR,LU0003 PPSI 2005-WHQ3 M4 MBS VAR 25.06.2035 LU0003_1929112_LU0003_LU0003_LXEUR,RC630,RC630,,LU0003_LXEUR,PROFIT_PART,A,2,295.9320963,0.06849528,1,Type 1 Securitization,1,1,0.016,0,0.016,4.734913541,0,0.063252303,0.299494188,0
15341920,TPMT 2018-3 A1 MBS FIX 3.750% 25.05.2058_15341920,RC630,RC630,,LU0003_LXEUR,PROFIT_PART,AAA,0,1792.528971,4.07858655,4.07858655,Type 1 Securitization,1,4.07858655,0.01,0,0.040785866,73.1098455,0,0.063252303,4.624366127,0
22554568,SAIL 2004-8 A1 MBS VAR 25.09.2034_22554568,RC630,RC630,,LU0003_LXEUR,PROFIT_PART,AA,1,523.6341164,0.068496092,1,Type 1 Securitization,1,1,0.012,0,0.012,6.283609397,0,0.063252303,0.397452768,0
2733769_LU0003_LU0003_LXEUR,LU0003 FN 866066 MBS VAR 01.03.2036 LU0003_LXEUR_2733769_LU0003_LU0003_LXEUR,RC630,RC630,,LU0003_LXEUR,PROFIT_PART,AAA,0,0.283614321,0.004901213,1,Type 1 Securitization,1,1,0.01,0,0.01,0.002836143,0,0.063252303,0.000179393,0
1006987_LU0003_LU0003_LXEUR,LU0003 FN 961611 MBS FIX 5.500% 01.02.2038 LU0003__1006987_LU0003_LU0003_LXEUR,RC630,RC630,,LU0003_LXEUR,PROFIT_PART,AAA,0,0.031804598,3.494986659,3.494986659,Type 1 Securitization,1,3.494986659,0.01,0,0.034949867,0.001111566,0,0.063252303,7.03091E-05,0
16974894,TPMT 2017-5 A1 MBS VAR 25.02.2057_16974894,RC630,RC630,,LU0003_LXEUR,PROFIT_PART,AAA,0,1.80145E-05,0.068277287,1,Type 1 Securitization,1,1,0.01,0,0.01,1.80145E-07,0,0.063252303,1.13946E-08,0
16974894,TPMT 2017-5 A1 MBS VAR 25.02.2057_16974894,RC630,RC630,,LU0003_LXEUR,PROFIT_PART,AAA,0,26.93483797,0.068277287,1,Type 1 Securitization,1,1,0.01,0,0.01,0.26934838,0,0.063252303,0.017036905,0
22554243,SASC 2007-BC1 A4 MBS VAR 25.02.2037_22554243,RC630,RC630,,LU0003_LXEUR,PROFIT_PART,A,2,412.9342534,0.045106024,1,Type 1 Securitization,1,1,0.016,0,0.016,6.606948055,0,0.063252303,0.417904683,0
1921392_LU0003_LU0003_LXEUR,LU0003 PPSI 2004-WHQ1 M2 MBS VAR 25.09.2034 LU0003_1921392_LU0003_LU0003_LXEUR,RC630,RC630,,LU0003_LXEUR,PROFIT_PART,A,2,452.4982122,0.068492996,1,Type 1 Securitization,1,1,0.016,0,0.016,7.239971395,0,0.063252303,0.457944867,0
16974047,GFORT 2018-4 A2 ABS VAR 15.09.2023_16974047,RC630,RC630,,LU0003_LXEUR,PROFIT_PART,AAA,0,0.00213403,0.032953499,1,Type 1 Securitization,1,1,0.01,0,0.01,2.13403E-05,0,0.063252303,1.34982E-06,0
16974047,GFORT 2018-4 A2 ABS VAR 15.09.2023_16974047,RC630,RC630,,LU0003_LXEUR,PROFIT_PART,AAA,0,3190.287213,0.032953499,1,Type 1 Securitization,1,1,0.01,0,0.01,31.90287213,0,0.063252303,2.017930146,0
22554149,CWL 2005-15 2AV3 MBS VAR 25.04.2036_22554149,RC630,RC630,,LU0003_LXEUR,PROFIT_PART,A,2,2958.074263,0.060922279,1,Type 1 Securitization,1,1,0.016,0,0.016,47.32918821,0,0.063252303,2.993680171,0
22554288,FINA 2004-2 M1 MBS VAR 25.08.2034_22554288,RC630,RC630,,LU0003_LXEUR,PROFIT_PART,BBB,3,243.4378196,0.068491878,1,Type 1 Securitization,1,1,0.028,0,0.028,6.81625895,0,0.063252303,0.431144079,0
22554298,FG G08831 MBS FIX 4.000% 01.08.2048_22554298,RC630,RC630,,LU0003_LXEUR,PROFIT_PART,AAA,0,1010.951928,2.411908386,2.411908386,Type 1 Securitization,1,2.411908386,0.01,0,0.024119084,24.38323433,0,0.063252303,1.542295735,0
13321999,TPMT 2017-4 A1 MBS FIX 2.750% 25.06.2057_13321999,RC630,RC630,,LU0003_LXEUR,PROFIT_PART,AAA,0,4728.623928,3.934641399,3.934641399,Type 1 Securitization,1,3.934641399,0.01,0,0.039346414,186.0543947,0,0.063252303,11.76836901,0
13321999,TPMT 2017-4 A1 MBS FIX 2.750% 25.06.2057_13321999,RC630,RC630,,LU0003_LXEUR,PROFIT_PART,AAA,0,0.001626662,3.934641399,3.934641399,Type 1 Securitization,1,3.934641399,0.01,0,0.039346414,6.40033E-05,0,0.063252303,4.04836E-06,0
C9718804-12_LU0003_1_CMBI_LU0003_LXCLA,LU0003 PIMCO GIS-EURO CREDIT-INS-I_1_CMBI_LU0003_L_C9718804-12_LU0003_1_CMBI_LU0003_LXCLA,RC630,RC630,,LU0003_LXCLA,PROFIT_PART,AA,1,198.23,0.50137341,1,Senior STS Securitization,1,1,0.012,0,0.012,2.37876,0,0.133433171,0.317405489,0
1921342_LU0003_LU0003_LXEUR,LU0003 ARC 2004-1 A5 MBS VAR 25.10.2034 LU0003_LXE_1921342_LU0003_LU0003_LXEUR,RC630,RC630,,LU0003_LXEUR,PROFIT_PART,AA,1,220.4568619,0.068497364,1,Type 1 Securitization,1,1,0.012,0,0.012,2.645482343,0,0.063252303,0.167332852,0
C9718804-53_LU0003_1_CMBI_LU0003_LXCLA,LU0003 PIMCO GIS-EURO CREDIT-INS-I_1_CMBI_LU0003_L_C9718804-53_LU0003_1_CMBI_LU0003_LXCLA,RC630,RC630,,LU0003_LXCLA,PROFIT_PART,AAA,0,25309.43,0.50137341,1,Senior STS Securitization,1,1,0.01,0,0.01,253.0943,0,0.133433171,33.77117495,0
14504604,FN AL5548 MBS VAR 01.05.2038_14504604,RC630,RC630,,LU0003_LXCLA,PROFIT_PART,AAA,0,2.24785E-05,0.127786334,1,Type 1 Securitization,1,1,0.01,0,0.01,2.24785E-07,0,0.133433171,2.99937E-08,0
14504601,FN AL7183 MBS VAR 01.01.2036_14504601,RC630,RC630,,LU0003_LXCLA,PROFIT_PART,AAA,0,0.000146526,0.149596377,1,Type 1 Securitization,1,1,0.01,0,0.01,1.46526E-06,0,0.133433171,1.95515E-07,0
20151593,SAST 2007-3 1A MBS VAR 25.09.2037_20151593,RC630,RC630,,LU0003_LXCLA,PROFIT_PART,BBB,3,3.822004609,-0.076106843,1,Type 1 Securitization,1,1,0.028,0,0.028,0.107016129,0,0.133433171,0.014279501,0
