Asset ID,Asset Name,Solo,Entity Code,SubEntity Code,Fund/LoB Name,Fund/LoB Type,Rating,Credit Quality Step,Market Value (MVi),Modified Duration,Duration,Category,Duration Class,Corrected Duration,Multiplication Factor,Step Up Factor,"F(Rating, Duration)",Capital Charge,Capital Charge UL,Credit Spread Relief Factor,LAC of TP,LAC of TP UL
12791225,BANQUE OUEST AFRICAINE D REGS FIX 5.000% 27.07.202_12791225,RC630,RC630,,LU0003_LXEUR,PROFIT_PART,BBB,3,60.77315773,5.250993438,5.250993438,Supranational Bond,2,0.250993438,0,0,0,0,0,0.063252303,0,0
7592244,NORDIC INVESTMENT BANK FIX 2.250% 30.09.2021_7592244,RC630,RC630,,LU0003_LXEUR,PROFIT_PART,AAA,0,883.3450745,0.252054067,1,Supranational Bond,1,1,0,0,0,0,0,0.063252303,0,0
8043286_LU0003_LU0003_LXEUR,LU0003 ASIAN DEVELOPMENT BANK VAR 15.12.2021 LU000_8043286_LU0003_LU0003_LXEUR,RC630,RC630,,LU0003_LXEUR,PROFIT_PART,AAA,0,36.87625607,0.460193807,1,Supranational Bond,1,1,0,0,0,0,0,0.063252303,0,0
8043286_LU0003_LU0003_LXEUR,LU0003 ASIAN DEVELOPMENT BANK VAR 15.12.2021 LU000_8043286_LU0003_LU0003_LXEUR,RC630,RC630,,LU0003_LXEUR,PROFIT_PART,AAA,0,1585.52796,0.460193807,1,Supranational Bond,1,1,0,0,0,0,0,0.063252303,0,0
7592244,NORDIC INVESTMENT BANK FIX 2.250% 30.09.2021_7592244,RC630,RC630,,LU0003_LXEUR,PROFIT_PART,AAA,0,20.54486581,0.252054067,1,Supranational Bond,1,1,0,0,0,0,0,0.063252303,0,0
22857475,BANQUE OUEST AFRICAINE D REGS FIX 2.750% 22.01.203_22857475,RC630,RC630,,LU0003_LXEUR,PROFIT_PART,BBB,3,17868.06063,9.787760785,9.787760785,Supranational Bond,2,4.787760785,0,0,0,0,0,0.063252303,0,0
22281265,INTL BK RECON & DEVELOP EMTN VAR 02.07.2021_22281265,RC630,RC630,,LU0003_LXEUR,PROFIT_PART,AAA,0,16.66723192,0.005479642,1,Supranational Bond,1,1,0,0,0,0,0,0.063252303,0,0
22281265,INTL BK RECON & DEVELOP EMTN VAR 02.07.2021_22281265,RC630,RC630,,LU0003_LXEUR,PROFIT_PART,AAA,0,716.6227003,0.005479642,1,Supranational Bond,1,1,0,0,0,0,0,0.063252303,0,0
14121289,EUROPEAN INVESTMENT BANK 144A VAR 19.01.2023_14121289,RC630,RC630,,LU0003_LXCLA,PROFIT_PART,AAA,0,6.967256261,1.553252166,1.553252166,Supranational Bond,1,1.553252166,0,0,0,0,0,0.133433171,0,0
23173554_LU0003_LU0003_LXEUR,LU0003 INTL BK RECON & DEVELOP GDIF FIX 0.650% 10._23173554_LU0003_LU0003_LXEUR,RC630,RC630,,LU0003_LXEUR,PROFIT_PART,AAA,0,0.00664185,0.11233288,1,Supranational Bond,1,1,0,0,0,0,0,0.063252303,0,0
23173555_LU0003_LU0003_LXEUR,LU0003 INTL BK RECON & DEVELOP GDIF FIX 0.850% 10._23173555_LU0003_LU0003_LXEUR,RC630,RC630,,LU0003_LXEUR,PROFIT_PART,AAA,0,5508.292078,0.112328135,1,Supranational Bond,1,1,0,0,0,0,0,0.063252303,0,0
23207413_LU0003_LU0003_LXEUR,LU0003 INTL BK RECON & DEVELOP MTN VAR 13.01.2023 _23207413_LU0003_LU0003_LXEUR,RC630,RC630,,LU0003_LXEUR,PROFIT_PART,AAA,0,53.76064781,1.537076274,1.537076274,Supranational Bond,1,1.537076274,0,0,0,0,0,0.063252303,0,0
23207413_LU0003_LU0003_LXEUR,LU0003 INTL BK RECON & DEVELOP MTN VAR 13.01.2023 _23207413_LU0003_LU0003_LXEUR,RC630,RC630,,LU0003_LXEUR,PROFIT_PART,AAA,0,9043.229687,1.537076274,1.537076274,Supranational Bond,1,1.537076274,0,0,0,0,0,0.063252303,0,0
7480978,EUROPEAN INVESTMENT BANK FIX 2.125% 15.10.2021_7480978,RC630,RC630,,LU0003_LXEUR,PROFIT_PART,AAA,0,20.03265053,0.293155379,1,Supranational Bond,1,1,0,0,0,0,0,0.063252303,0,0
7480978,EUROPEAN INVESTMENT BANK FIX 2.125% 15.10.2021_7480978,RC630,RC630,,LU0003_LXEUR,PROFIT_PART,AAA,0,861.321916,0.293155379,1,Supranational Bond,1,1,0,0,0,0,0,0.063252303,0,0
23173554_LU0003_LU0003_LXEUR,LU0003 INTL BK RECON & DEVELOP GDIF FIX 0.650% 10._23173554_LU0003_LU0003_LXEUR,RC630,RC630,,LU0003_LXEUR,PROFIT_PART,AAA,0,12873.56054,0.11233288,1,Supranational Bond,1,1,0,0,0,0,0,0.063252303,0,0
19714580,AFRICAN DEVELOPMENT BANK GMTN VAR 15.12.2021_19714580,RC630,RC630,,LU0003_LXCLA,PROFIT_PART,AAA,0,24.12535366,0.460194078,1,Supranational Bond,1,1,0,0,0,0,0,0.133433171,0,0
24139276_LU0003_LU0003_LXCLA,LU0003 EUROPEAN INVESTMENT BANK SRUNSEC REGS ZP612_24139276_LU0003_LU0003_LXCLA,RC630,RC630,,LU0003_LXCLA,PROFIT_PART,AAA,0,9.560962201,1.582764997,1.582764997,Supranational Bond,1,1.582764997,0,0,0,0,0,0.133433171,0,0
24139378_LU0003_LU0003_LXCLA,LU0003 EUROFIMA AX9662419_IE00BDQZ6S97_USD LU0003__24139378_LU0003_LU0003_LXCLA,RC630,RC630,,LU0003_LXCLA,PROFIT_PART,AA,1,6.064128562,0.695378546,1,Supranational Bond,1,1,0,0,0,0,0,0.133433171,0,0
5009193,EFSF EMTN FIX 1.875% 23.05.2023_5009193,RC630,RC630,,LU0003_LXEUR,PROFIT_PART,AA,1,1048722.076,1.878023194,1.878023194,Supranational Bond,1,1.878023194,0,0,0,0,0,0.063252303,0,0
12791225,BANQUE OUEST AFRICAINE D REGS FIX 5.000% 27.07.202_12791225,RC630,RC630,,LU0003_LXCLA,PROFIT_PART,BBB,3,31.35259973,5.250993438,5.250993438,Supranational Bond,2,0.250993438,0,0,0,0,0,0.133433171,0,0
19202938,EUROPEAN BK RECON & DEV GMTN VAR 19.08.2022_19202938,RC630,RC630,,LU0003_LXCLA,PROFIT_PART,AAA,0,4.594720981,1.134985589,1.134985589,Supranational Bond,1,1.134985589,0,0,0,0,0,0.133433171,0,0
21244054,EUROPEAN INVESTMENT BANK 144A VAR 10.06.2022_21244054,RC630,RC630,,LU0003_LXCLA,PROFIT_PART,AAA,0,4.103908724,0.943901183,1,Supranational Bond,1,1,0,0,0,0,0,0.133433171,0,0
22281265,INTL BK RECON & DEVELOP EMTN VAR 02.07.2021_22281265,RC630,RC630,,LU0003_LXCLA,PROFIT_PART,AAA,0,8.598550255,0.005479642,1,Supranational Bond,1,1,0,0,0,0,0,0.133433171,0,0
20350200,EUROPEAN INVESTMENT BANK REGS VAR 10.06.2022_20350200,RC630,RC630,,LU0003_LXEUR,PROFIT_PART,AAA,0,3.975850149,0.943897474,1,Supranational Bond,1,1,0,0,0,0,0,0.063252303,0,0
20350200,EUROPEAN INVESTMENT BANK REGS VAR 10.06.2022_20350200,RC630,RC630,,LU0003_LXEUR,PROFIT_PART,AAA,0,170.9452706,0.943897474,1,Supranational Bond,1,1,0,0,0,0,0,0.063252303,0,0
14121289,EUROPEAN INVESTMENT BANK 144A VAR 19.01.2023_14121289,RC630,RC630,,LU0003_LXEUR,PROFIT_PART,AAA,0,580.6669555,1.553252166,1.553252166,Supranational Bond,1,1.553252166,0,0,0,0,0,0.063252303,0,0
14121289,EUROPEAN INVESTMENT BANK 144A VAR 19.01.2023_14121289,RC630,RC630,,LU0003_LXEUR,PROFIT_PART,AAA,0,13.50516918,1.553252166,1.553252166,Supranational Bond,1,1.553252166,0,0,0,0,0,0.063252303,0,0
19202938,EUROPEAN BK RECON & DEV GMTN VAR 19.08.2022_19202938,RC630,RC630,,LU0003_LXEUR,PROFIT_PART,AAA,0,382.9344783,1.134985589,1.134985589,Supranational Bond,1,1.134985589,0,0,0,0,0,0.063252303,0,0
19202938,EUROPEAN BK RECON & DEV GMTN VAR 19.08.2022_19202938,RC630,RC630,,LU0003_LXEUR,PROFIT_PART,AAA,0,8.906301407,1.134985589,1.134985589,Supranational Bond,1,1.134985589,0,0,0,0,0,0.063252303,0,0
24139378_LU0003_LU0003_LXEUR,LU0003 EUROFIMA AX9662419_IE00BDQZ6S97_USD LU0003__24139378_LU0003_LU0003_LXEUR,RC630,RC630,,LU0003_LXEUR,PROFIT_PART,AA,1,505.3982425,0.695378546,1,Supranational Bond,1,1,0,0,0,0,0,0.063252303,0,0
24139378_LU0003_LU0003_LXEUR,LU0003 EUROFIMA AX9662419_IE00BDQZ6S97_USD LU0003__24139378_LU0003_LU0003_LXEUR,RC630,RC630,,LU0003_LXEUR,PROFIT_PART,AA,1,11.75456723,0.695378546,1,Supranational Bond,1,1,0,0,0,0,0,0.063252303,0,0
10937696,INTER-AMERICAN DEVEL BK GMTN VAR 15.07.2021_10937696,RC630,RC630,,LU0003_LXEUR,PROFIT_PART,AAA,0,443.7581182,0.041093893,1,Supranational Bond,1,1,0,0,0,0,0,0.063252303,0,0
10937696,INTER-AMERICAN DEVEL BK GMTN VAR 15.07.2021_10937696,RC630,RC630,,LU0003_LXEUR,PROFIT_PART,AAA,0,10.32093941,0.041093893,1,Supranational Bond,1,1,0,0,0,0,0,0.063252303,0,0
14812095,EUROPEAN BK RECON & DEV GMTN VAR 11.05.2022_14812095,RC630,RC630,,LU0003_LXCLA,PROFIT_PART,AAA,0,2.250669295,0.862531956,1,Supranational Bond,1,1,0,0,0,0,0,0.133433171,0,0
7480978,EUROPEAN INVESTMENT BANK FIX 2.125% 15.10.2021_7480978,RC630,RC630,,LU0003_LXCLA,PROFIT_PART,AAA,0,10.33475463,0.293155379,1,Supranational Bond,1,1,0,0,0,0,0,0.133433171,0,0
7592244,NORDIC INVESTMENT BANK FIX 2.250% 30.09.2021_7592244,RC630,RC630,,LU0003_LXCLA,PROFIT_PART,AAA,0,10.5990042,0.252054067,1,Supranational Bond,1,1,0,0,0,0,0,0.133433171,0,0
23673151,INTER-AMERICAN DEVEL BK VAR 16.09.2022_23673151,RC630,RC630,,LU0003_LXCLA,PROFIT_PART,AAA,0,26.22244502,1.211674421,1.211674421,Supranational Bond,1,1.211674421,0,0,0,0,0,0.133433171,0,0
8043286_LU0003_LU0003_LXCLA,LU0003 ASIAN DEVELOPMENT BANK VAR 15.12.2021 LU000_8043286_LU0003_LU0003_LXCLA,RC630,RC630,,LU0003_LXCLA,PROFIT_PART,AAA,0,19.02429525,0.460193807,1,Supranational Bond,1,1,0,0,0,0,0,0.133433171,0,0
10937696,INTER-AMERICAN DEVEL BK GMTN VAR 15.07.2021_10937696,RC630,RC630,,LU0003_LXCLA,PROFIT_PART,AAA,0,5.324526395,0.041093893,1,Supranational Bond,1,1,0,0,0,0,0,0.133433171,0,0
23207413_LU0003_LU0003_LXCLA,LU0003 INTL BK RECON & DEVELOP MTN VAR 13.01.2023 _23207413_LU0003_LU0003_LXCLA,RC630,RC630,,LU0003_LXCLA,PROFIT_PART,AAA,0,27.73487729,1.537076274,1.537076274,Supranational Bond,1,1.537076274,0,0,0,0,0,0.133433171,0,0
23173554_LU0003_LU0003_LXCLA,LU0003 INTL BK RECON & DEVELOP GDIF FIX 0.650% 10._23173554_LU0003_LU0003_LXCLA,RC630,RC630,,LU0003_LXCLA,PROFIT_PART,AAA,0,0.003426503,0.112332828,1,Supranational Bond,1,1,0,0,0,0,0,0.133433171,0,0
19714580,AFRICAN DEVELOPMENT BANK GMTN VAR 15.12.2021_19714580,RC630,RC630,,LU0003_LXEUR,PROFIT_PART,AAA,0,2010.661749,0.460194078,1,Supranational Bond,1,1,0,0,0,0,0,0.063252303,0,0
23673151,INTER-AMERICAN DEVEL BK VAR 16.09.2022_23673151,RC630,RC630,,LU0003_LXEUR,PROFIT_PART,AAA,0,50.82898392,1.211674421,1.211674421,Supranational Bond,1,1.211674421,0,0,0,0,0,0.063252303,0,0
23673151,INTER-AMERICAN DEVEL BK VAR 16.09.2022_23673151,RC630,RC630,,LU0003_LXEUR,PROFIT_PART,AAA,0,2185.438105,1.211674421,1.211674421,Supranational Bond,1,1.211674421,0,0,0,0,0,0.063252303,0,0
19714580,AFRICAN DEVELOPMENT BANK GMTN VAR 15.12.2021_19714580,RC630,RC630,,LU0003_LXEUR,PROFIT_PART,AAA,0,46.76403029,0.460194078,1,Supranational Bond,1,1,0,0,0,0,0,0.063252303,0,0
20350200,EUROPEAN INVESTMENT BANK REGS VAR 10.06.2022_20350200,RC630,RC630,,LU0003_LXCLA,PROFIT_PART,AAA,0,2.051123273,0.943897474,1,Supranational Bond,1,1,0,0,0,0,0,0.133433171,0,0
14812095,EUROPEAN BK RECON & DEV GMTN VAR 11.05.2022_14812095,RC630,RC630,,LU0003_LXEUR,PROFIT_PART,AAA,0,4.362645559,0.862531956,1,Supranational Bond,1,1,0,0,0,0,0,0.063252303,0,0
14812095,EUROPEAN BK RECON & DEV GMTN VAR 11.05.2022_14812095,RC630,RC630,,LU0003_LXEUR,PROFIT_PART,AAA,0,187.575889,0.862531956,1,Supranational Bond,1,1,0,0,0,0,0,0.063252303,0,0
21244054,EUROPEAN INVESTMENT BANK 144A VAR 10.06.2022_21244054,RC630,RC630,,LU0003_LXEUR,PROFIT_PART,AAA,0,342.0290705,0.943901183,1,Supranational Bond,1,1,0,0,0,0,0,0.063252303,0,0
21244054,EUROPEAN INVESTMENT BANK 144A VAR 10.06.2022_21244054,RC630,RC630,,LU0003_LXEUR,PROFIT_PART,AAA,0,7.954922219,0.943901183,1,Supranational Bond,1,1,0,0,0,0,0,0.063252303,0,0
24139276_LU0003_LU0003_LXEUR,LU0003 EUROPEAN INVESTMENT BANK SRUNSEC REGS ZP612_24139276_LU0003_LU0003_LXEUR,RC630,RC630,,LU0003_LXEUR,PROFIT_PART,AAA,0,796.8322972,1.582764997,1.582764997,Supranational Bond,1,1.582764997,0,0,0,0,0,0.063252303,0,0
24139276_LU0003_LU0003_LXEUR,LU0003 EUROPEAN INVESTMENT BANK SRUNSEC REGS ZP612_24139276_LU0003_LU0003_LXEUR,RC630,RC630,,LU0003_LXEUR,PROFIT_PART,AAA,0,18.53274908,1.582764997,1.582764997,Supranational Bond,1,1.582764997,0,0,0,0,0,0.063252303,0,0
