Asset ID,Asset Name,Solo,Entity Code,SubEntity Code,Fund/LoB Name,Fund/LoB Type,Rating,Credit Quality Step,Market Value (MVi),Modified Duration,Duration,Category,Duration Class,Corrected Duration,Multiplication Factor,Step Up Factor,"F(Rating, Duration)",Capital Charge,Capital Charge UL,Credit Spread Relief Factor,LAC of TP,LAC of TP UL
21834589,DEUT PFANDBRIEFBANK AG EMTN PF VAR 29.09.2023_21834589,RC630,RC630,,LU0003_LXEUR,PROFIT_PART,AA,1,8.025987159,2.223907228,2.223907228,Covered Bond,1,2.223907228,0.009,0,0.020015165,0.160641458,0,0.063252303,0.010160942,0
813975,PITCH1 COV FIX 5.125% 20.07.2022_813975,RC630,RC630,,LU0003_LXEUR,PROFIT_PART,AA,1,14.99004541,1.002989751,1.002989751,Covered Bond,1,1.002989751,0.009,0,0.009026908,0.135313757,0,0.063252303,0.008558907,0
22390625,SOUTHERN CAL EDISON D MBS VAR 03.12.2021_22390625,RC630,RC630,,LU0003_LXEUR,PROFIT_PART,A,2,8.723580916,0.418930244,1,Covered Bond,1,1,0.014,0,0.014,0.122130133,0,0.063252303,0.007725012,0
22390625,SOUTHERN CAL EDISON D MBS VAR 03.12.2021_22390625,RC630,RC630,,LU0003_LXEUR,PROFIT_PART,A,2,5870.559329,0.418930244,1,Covered Bond,1,1,0.014,0,0.014,82.1878306,0,0.063252303,5.198569595,0
C9718804-26_LU0003_1_CMBI_LU0003_LXCLA,LU0003 PIMCO GIS-EURO CREDIT-INS-I_1_CMBI_LU0003_L_C9718804-26_LU0003_1_CMBI_LU0003_LXCLA,RC630,RC630,,LU0003_LXCLA,PROFIT_PART,AAA,0,261.35,0.539728999,1,Covered Bond,1,1,0.007,0,0.007,1.82945,0,0.133433171,0.244109314,0
C9718804-32_LU0003_1_CMBI_LU0003_LXCLA,LU0003 PIMCO GIS-EURO CREDIT-INS-I_1_CMBI_LU0003_L_C9718804-32_LU0003_1_CMBI_LU0003_LXCLA,RC630,RC630,,LU0003_LXCLA,PROFIT_PART,AAA,0,2803.56,0.50137341,1,Covered Bond,1,1,0.007,0,0.007,19.62492,0,0.133433171,2.618615301,0
C9718804-29_LU0003_1_CMBI_LU0003_LXCLA,LU0003 PIMCO GIS-EURO CREDIT-INS-I_1_CMBI_LU0003_L_C9718804-29_LU0003_1_CMBI_LU0003_LXCLA,RC630,RC630,,LU0003_LXCLA,PROFIT_PART,AAA,0,319841.07,25.53924918,25.53924918,Covered Bond,5,5.539249182,0.005,0.11,0.137696246,44040.91463,0,0.133433171,5876.518881,0
C9718804-40_LU0003_1_CMBI_LU0003_LXCLA,LU0003 PIMCO GIS-EURO CREDIT-INS-I_1_CMBI_LU0003_L_C9718804-40_LU0003_1_CMBI_LU0003_LXCLA,RC630,RC630,,LU0003_LXCLA,PROFIT_PART,AA,1,838.29,0.50137341,1,Covered Bond,1,1,0.009,0,0.009,7.54461,0,0.133433171,1.006701234,0
22246375,PACIFIC GAS & ELECTRIC MBS VAR 15.11.2021_22246375,RC630,RC630,,LU0003_LXEUR,PROFIT_PART,BBB,3,9527.195744,0.366157436,1,Covered Bond,1,1,0.025,0,0.025,238.1798936,0,0.063252303,15.06542689,0
22246375,PACIFIC GAS & ELECTRIC MBS VAR 15.11.2021_22246375,RC630,RC630,,LU0003_LXEUR,PROFIT_PART,BBB,3,0.005200085,0.366157436,1,Covered Bond,1,1,0.025,0,0.025,0.000130002,0,0.063252303,8.22293E-06,0
9443127,BANCA MONTE DEI PASCHI S COV FIX 1.250% 20.01.2022_9443127,RC630,RC630,,LU0003_LXEUR,PROFIT_PART,AA,1,48.90319459,0.553426941,1,Covered Bond,1,1,0.009,0,0.009,0.440128751,0,0.063252303,0.027839157,0
C9718804-39_LU0003_1_CMBI_LU0003_LXCLA,LU0003 PIMCO GIS-EURO CREDIT-INS-I_1_CMBI_LU0003_L_C9718804-39_LU0003_1_CMBI_LU0003_LXCLA,RC630,RC630,,LU0003_LXCLA,PROFIT_PART,BBB,3,4726.91,0.50137341,1,Covered Bond,1,1,0.025,0,0.025,118.17275,0,0.133433171,15.76816473,0
C667547-71_LU0003_1_CMBI_LU0003_LXCLA,LU0003 PIMCO-E LNG AVG DUR - INS AC_1_CMBI_LU0003__C667547-71_LU0003_1_CMBI_LU0003_LXCLA,RC630,RC630,,LU0003_LXCLA,PROFIT_PART,AA,1,58783.43,3.743338585,3.743338585,Covered Bond,1,3.743338585,0.009,0,0.033690047,1980.416535,0,0.133433171,264.2532577,0
C667547-70_LU0003_1_CMBI_LU0003_LXCLA,LU0003 PIMCO-E LNG AVG DUR - INS AC_1_CMBI_LU0003__C667547-70_LU0003_1_CMBI_LU0003_LXCLA,RC630,RC630,,LU0003_LXCLA,PROFIT_PART,AAA,0,34.5,21.93847895,21.93847895,Covered Bond,5,1.938478947,0.005,0.11,0.119692395,4.129387618,0,0.133433171,0.550997283,0
22390625,SOUTHERN CAL EDISON D MBS VAR 03.12.2021_22390625,RC630,RC630,,LU0003_LXCLA,PROFIT_PART,A,2,4.500456297,0.418930244,1,Covered Bond,1,1,0.014,0,0.014,0.063006388,0,0.133433171,0.008407142,0
17555097,BANCA CARIGE SPA COV VAR 25.10.2021_17555097,RC630,RC630,,LU0003_LXEUR,PROFIT_PART,BBB,3,57.68524648,0.311603876,1,Covered Bond,1,1,0.025,0,0.025,1.442131162,0,0.063252303,0.091218118,0
12077023,TORONTO-DOMINION BANK COV FIX 1.000% 13.12.2021_12077023,RC630,RC630,,LU0003_LXEUR,PROFIT_PART,AAA,0,3.197630223,0.449317152,1,Covered Bond,1,1,0.007,0,0.007,0.022383412,0,0.063252303,0.001415802,0
24139379_LU0003_LU0003_LXCLA,LU0003 LLOYDS BANK PLC SEC COVERED AV4989670_IE00B_24139379_LU0003_LU0003_LXCLA,RC630,RC630,,LU0003_LXCLA,PROFIT_PART,A,2,3.202595771,0.378082889,1,Covered Bond,1,1,0.014,0,0.014,0.044836341,0,0.133433171,0.005982655,0
24394874_LU0003_LU0003_LXEUR,LU0003 REALKREDIT DANMARK SEC IO AO9120780__DKK LU_24394874_LU0003_LU0003_LXEUR,RC630,RC630,,LU0003_LXEUR,PROFIT_PART,A,2,7.694287663,22.02540999,22.02540999,Covered Bond,5,2.025409993,0.005,0.155,0.16512705,1.270535023,0,0.063252303,0.080364267,0
24394902_LU0003_LU0003_LXEUR,LU0003 NYKREDIT REALKREDIT IO **PARTIAL CALL** AO8_24394902_LU0003_LU0003_LXEUR,RC630,RC630,,LU0003_LXEUR,PROFIT_PART,A,2,70.81173004,22.02345018,22.02345018,Covered Bond,5,2.023450177,0.005,0.155,0.165117251,11.6922382,0,0.063252303,0.739560997,0
24394886_LU0003_LU0003_LXEUR,LU0003 NYKREDIT REALKREDIT IO **PARTIAL CALL** AO7_24394886_LU0003_LU0003_LXEUR,RC630,RC630,,LU0003_LXEUR,PROFIT_PART,NR,unrated,15.45302935,21.87027147,21.87027147,Covered Bond,5,1.870271467,0.005,0.355,0.364351357,5.63033222,0,0.063252303,0.356131482,0
C667547-30_LU0003_1_CMBI_LU0003_LXCLA,LU0003 PIMCO-E LNG AVG DUR - INS AC_1_CMBI_LU0003__C667547-30_LU0003_1_CMBI_LU0003_LXCLA,RC630,RC630,,LU0003_LXCLA,PROFIT_PART,AAA,0,74029.85,1.037991047,1.037991047,Covered Bond,1,1.037991047,0.007,0,0.007265937,537.8962505,0,0.133433171,71.77320224,0
C667547-43_LU0003_1_CMBI_LU0003_LXCLA,LU0003 PIMCO-E LNG AVG DUR - INS AC_1_CMBI_LU0003__C667547-43_LU0003_1_CMBI_LU0003_LXCLA,RC630,RC630,,LU0003_LXCLA,PROFIT_PART,AAA,0,407288.03,27.43496895,27.43496895,Covered Bond,5,7.434968948,0.005,0.11,0.147174845,59942.55258,0,0.133433171,7998.324853,0
C667547-38_LU0003_1_CMBI_LU0003_LXCLA,LU0003 PIMCO-E LNG AVG DUR - INS AC_1_CMBI_LU0003__C667547-38_LU0003_1_CMBI_LU0003_LXCLA,RC630,RC630,,LU0003_LXCLA,PROFIT_PART,AAA,0,1574851.93,25.62327087,25.62327087,Covered Bond,5,5.623270869,0.005,0.11,0.138116354,217512.8072,0,0.133433171,29023.42354,0
18946108,HEALTH AND HAPPINESS H&H FIX 5.625% 24.10.2024_18946108,RC630,RC630,,LU0003_LXCLA,PROFIT_PART,BB,4,2.042420242,0.317807033,1,Covered Bond,1,1,0.045,0,0.045,0.091908911,0,0.133433171,0.012263697,0
19428963_LU0003_LU0003_LXCLA,LU0003 CONSTELLATION OIL SA REGS 09.11.2 BB99 ZP20_19428963_LU0003_LU0003_LXCLA,RC630,RC630,,LU0003_LXCLA,PROFIT_PART,NR,unrated,12.68660683,0.082192647,1,Covered Bond,1,1,0.03,0,0.03,0.380598205,0,0.133433171,0.050784425,0
15802732,DEUT PFANDBRIEFBANK AG EMTN PF FIX 3.375% 22.11.20_15802732,RC630,RC630,,LU0003_LXCLA,PROFIT_PART,AA,1,0.000227116,0.389045153,1,Covered Bond,1,1,0.009,0,0.009,2.04405E-06,0,0.133433171,2.72744E-07,0
22246375,PACIFIC GAS & ELECTRIC MBS VAR 15.11.2021_22246375,RC630,RC630,,LU0003_LXCLA,PROFIT_PART,BBB,3,0.002682701,0.366157436,1,Covered Bond,1,1,0.025,0,0.025,6.70675E-05,0,0.133433171,8.94903E-06,0
24139379_LU0003_LU0003_LXEUR,LU0003 LLOYDS BANK PLC SEC COVERED AV4989670_IE00B_24139379_LU0003_LU0003_LXEUR,RC630,RC630,,LU0003_LXEUR,PROFIT_PART,A,2,266.911579,0.378078472,1,Covered Bond,1,1,0.014,0,0.014,3.736762107,0,0.063252303,0.23635881,0
13513713,ROYAL BANK OF CANADA EMTN COV VAR 08.12.2022_13513713,RC630,RC630,,LU0003_LXEUR,PROFIT_PART,AAA,0,5.113224475,1.432792036,1.432792036,Covered Bond,1,1.432792036,0.007,0,0.010029544,0.051283311,0,0.063252303,0.003243788,0
14504605,ATHENE GLOBAL FUNDING REGS VAR 01.07.2022_14504605,RC630,RC630,,LU0003_LXEUR,PROFIT_PART,A,2,0.000312074,0.99439765,1,Covered Bond,1,1,0.014,0,0.014,4.36904E-06,0,0.063252303,2.76352E-07,0
15653146,TORONTO-DOMINION BANK 144A COV FIX 3.350% 22.10.20_15653146,RC630,RC630,,LU0003_LXEUR,PROFIT_PART,AAA,0,415.8931518,0.304113968,1,Covered Bond,1,1,0.007,0,0.007,2.911252063,0,0.063252303,0.184143399,0
15653146,TORONTO-DOMINION BANK 144A COV FIX 3.350% 22.10.20_15653146,RC630,RC630,,LU0003_LXCLA,PROFIT_PART,AAA,0,4.99018265,0.304113968,1,Covered Bond,1,1,0.007,0,0.007,0.034931279,0,0.133433171,0.004660991,0
15831633,HSBC BANK CANADA REGS COV FIX 3.300% 28.11.2021_15831633,RC630,RC630,,LU0003_LXCLA,PROFIT_PART,AAA,0,1.661901701,0.408216878,1,Covered Bond,1,1,0.007,0,0.007,0.011633312,0,0.133433171,0.00155227,0
15653146,TORONTO-DOMINION BANK 144A COV FIX 3.350% 22.10.20_15653146,RC630,RC630,,LU0003_LXEUR,PROFIT_PART,AAA,0,9.672855197,0.304113968,1,Covered Bond,1,1,0.007,0,0.007,0.067709986,0,0.063252303,0.004282813,0
18946108,HEALTH AND HAPPINESS H&H FIX 5.625% 24.10.2024_18946108,RC630,RC630,,LU0003_LXEUR,PROFIT_PART,BB,4,3.958980396,0.317807033,1,Covered Bond,1,1,0.045,0,0.045,0.178154118,0,0.063252303,0.011268658,0
15802732,DEUT PFANDBRIEFBANK AG EMTN PF FIX 3.375% 22.11.20_15802732,RC630,RC630,,LU0003_LXEUR,PROFIT_PART,AA,1,658.1345168,0.389045153,1,Covered Bond,1,1,0.009,0,0.009,5.923210652,0,0.063252303,0.374656717,0
15802732,DEUT PFANDBRIEFBANK AG EMTN PF FIX 3.375% 22.11.20_15802732,RC630,RC630,,LU0003_LXEUR,PROFIT_PART,AA,1,0.000440236,0.389045153,1,Covered Bond,1,1,0.009,0,0.009,3.96212E-06,0,0.063252303,2.50613E-07,0
15831633,HSBC BANK CANADA REGS COV FIX 3.300% 28.11.2021_15831633,RC630,RC630,,LU0003_LXEUR,PROFIT_PART,AAA,0,3.221392007,0.408216878,1,Covered Bond,1,1,0.007,0,0.007,0.022549744,0,0.063252303,0.001426323,0
15831633,HSBC BANK CANADA REGS COV FIX 3.300% 28.11.2021_15831633,RC630,RC630,,LU0003_LXEUR,PROFIT_PART,AAA,0,138.5066611,0.408216878,1,Covered Bond,1,1,0.007,0,0.007,0.969546628,0,0.063252303,0.061326057,0
19428963_LU0003_LU0003_LXEUR,LU0003 CONSTELLATION OIL SA REGS 09.11.2 BB99 ZP20_19428963_LU0003_LU0003_LXEUR,RC630,RC630,,LU0003_LXEUR,PROFIT_PART,NR,unrated,24.5914267,0.082192647,1,Covered Bond,1,1,0.03,0,0.03,0.737742801,0,0.063252303,0.046663931,0
19428963_LU0003_LU0003_LXEUR,LU0003 CONSTELLATION OIL SA REGS 09.11.2 BB99 ZP20_19428963_LU0003_LU0003_LXEUR,RC630,RC630,,LU0003_LXEUR,PROFIT_PART,NR,unrated,543.0665146,0.082192647,1,Covered Bond,1,1,0.03,0,0.03,16.29199544,0,0.063252303,1.030506238,0
16168539,PKO BANK HIPOTECZNY COV FIX 0.250% 23.11.2021_16168539,RC630,RC630,,LU0003_LXEUR,PROFIT_PART,AA,1,2.201521531,0.394521413,1,Covered Bond,1,1,0.009,0,0.009,0.019813694,0,0.063252303,0.001253262,0
C9718804-65_LU0003_1_CMBI_LU0003_LXCLA,LU0003 PIMCO GIS-EURO CREDIT-INS-I_1_CMBI_LU0003_L_C9718804-65_LU0003_1_CMBI_LU0003_LXCLA,RC630,RC630,,LU0003_LXCLA,PROFIT_PART,BBB,3,1229.16,1.1300385,1.1300385,Covered Bond,1,1.1300385,0.025,0,0.028250962,34.72495306,0,0.133433171,4.633460591,0
C9718804-64_LU0003_1_CMBI_LU0003_LXCLA,LU0003 PIMCO GIS-EURO CREDIT-INS-I_1_CMBI_LU0003_L_C9718804-64_LU0003_1_CMBI_LU0003_LXCLA,RC630,RC630,,LU0003_LXCLA,PROFIT_PART,AAA,0,33426.59,21.32902443,21.32902443,Covered Bond,5,1.329024434,0.005,0.11,0.116645122,3899.048674,0,0.133433171,520.2624275,0
C9718804-73_LU0003_1_CMBI_LU0003_LXCLA,LU0003 PIMCO GIS-EURO CREDIT-INS-I_1_CMBI_LU0003_L_C9718804-73_LU0003_1_CMBI_LU0003_LXCLA,RC630,RC630,,LU0003_LXCLA,PROFIT_PART,AAA,0,45.08,19.37075257,19.37075257,Covered Bond,4,4.370752573,0.005,0.085,0.106853763,4.81696763,0,0.133433171,0.642743264,0
C9718804-72_LU0003_1_CMBI_LU0003_LXCLA,LU0003 PIMCO GIS-EURO CREDIT-INS-I_1_CMBI_LU0003_L_C9718804-72_LU0003_1_CMBI_LU0003_LXCLA,RC630,RC630,,LU0003_LXCLA,PROFIT_PART,AAA,0,71.95,12.88778484,12.88778484,Covered Bond,3,2.887784839,0.005,0.06,0.074438924,5.355880596,0,0.133433171,0.71465213,0
C9718804-74_LU0003_1_CMBI_LU0003_LXCLA,LU0003 PIMCO GIS-EURO CREDIT-INS-I_1_CMBI_LU0003_L_C9718804-74_LU0003_1_CMBI_LU0003_LXCLA,RC630,RC630,,LU0003_LXCLA,PROFIT_PART,AAA,0,1171.63,14.63060379,14.63060379,Covered Bond,3,4.63060379,0.005,0.06,0.083153019,97.42457159,0,0.133433171,12.9996695,0
19671746,LLOYDS BANK PLC COV VAR 03.02.2023_19671746,RC630,RC630,,LU0003_LXEUR,PROFIT_PART,AAA,0,18.89247747,1.580523036,1.580523036,Covered Bond,1,1.580523036,0.007,0,0.011063661,0.209019971,0,0.063252303,0.013220995,0
18946108,HEALTH AND HAPPINESS H&H FIX 5.625% 24.10.2024_18946108,RC630,RC630,,LU0003_LXEUR,PROFIT_PART,BB,4,1861.529646,0.317807033,1,Covered Bond,1,1,0.045,0,0.045,83.76883407,0,0.063252303,5.298571706,0
2511127,ABN AMRO BANK NV COV FIX 3.500% 21.09.2022_2511127,RC630,RC630,,LU0003_LXEUR,PROFIT_PART,AAA,0,1076502.914,1.189395645,1.189395645,Covered Bond,1,1.189395645,0.007,0,0.00832577,8962.715149,0,0.063252303,566.9123776,0
14504605,ATHENE GLOBAL FUNDING REGS VAR 01.07.2022_14504605,RC630,RC630,,LU0003_LXCLA,PROFIT_PART,A,2,0.000160997,0.99439765,1,Covered Bond,1,1,0.014,0,0.014,2.25395E-06,0,0.133433171,3.00752E-07,0
506717,PROGRAMA CEDULAS TDA FTA A6 COV FIX 4.250% 10.04.2_506717,RC630,RC630,,LU0003_LXCLA,PROFIT_PART,AA,1,1401614.838,8.418808392,8.418808392,Covered Bond,2,3.418808392,0.005,0.045,0.062094042,87031.93054,0,0.133433171,11612.94645,0
C9718804-52_LU0003_1_CMBI_LU0003_LXCLA,LU0003 PIMCO GIS-EURO CREDIT-INS-I_1_CMBI_LU0003_L_C9718804-52_LU0003_1_CMBI_LU0003_LXCLA,RC630,RC630,,LU0003_LXCLA,PROFIT_PART,A,2,20798.83,0.917822123,1,Covered Bond,1,1,0.014,0,0.014,291.18362,0,0.133433171,38.85355369,0
C9718804-63_LU0003_1_CMBI_LU0003_LXCLA,LU0003 PIMCO GIS-EURO CREDIT-INS-I_1_CMBI_LU0003_L_C9718804-63_LU0003_1_CMBI_LU0003_LXCLA,RC630,RC630,,LU0003_LXCLA,PROFIT_PART,AAA,0,168326.37,27.803424,27.803424,Covered Bond,5,7.803424001,0.005,0.11,0.14901712,25083.51088,0,0.133433171,3346.97239,0
14504605,ATHENE GLOBAL FUNDING REGS VAR 01.07.2022_14504605,RC630,RC630,,LU0003_LXEUR,PROFIT_PART,A,2,466.5392179,0.99439765,1,Covered Bond,1,1,0.014,0,0.014,6.531549051,0,0.063252303,0.413135522,0
24139379_LU0003_LU0003_LXEUR,LU0003 LLOYDS BANK PLC SEC COVERED AV4989670_IE00B_24139379_LU0003_LU0003_LXEUR,RC630,RC630,,LU0003_LXEUR,PROFIT_PART,A,2,6.207837382,0.378078472,1,Covered Bond,1,1,0.014,0,0.014,0.086909723,0,0.063252303,0.00549724,0
17809766,TORONTO-DOMINION BANK EMTN COV VAR 24.06.2022_17809766,RC630,RC630,,LU0003_LXEUR,PROFIT_PART,AAA,0,10.25494271,0.97614587,1,Covered Bond,1,1,0.007,0,0.007,0.071784599,0,0.063252303,0.004540541,0
