Asset ID,Asset Name,Solo,Entity Code,SubEntity Code,Fund/LoB Name,Fund/LoB Type,Rating,Credit Quality Step,Market Value (MVi),Modified Duration,Duration,Category,Duration Class,Corrected Duration,Multiplication Factor,Step Up Factor,"F(Rating, Duration)",Capital Charge,Capital Charge UL,Credit Spread Relief Factor,LAC of TP,LAC of TP UL
24395316_LU0003_LU0003_LXCLA,LU0003 ERSTE ABWICKLUNGSANSTALT AX4142854_IE00B67B_24395316_LU0003_LU0003_LXCLA,RC630,RC630,,LU0003_LXCLA,PROFIT_PART,AA,2,0.000150164,0.670312404,1,Unlisted Local Authority Bond,1,1,0.011,0,0.011,1.65181E-06,0,0.133433171,2.20406E-07,0
24395117_LU0003_LU0003_LXCLA,LU0003 NRW.BANK SR UNSEC QZ2459670_IE00BDQZ6S97_US_24395117_LU0003_LU0003_LXCLA,RC630,RC630,,LU0003_LXCLA,PROFIT_PART,AA,2,1.577854127,0.147945231,1,Unlisted Local Authority Bond,1,1,0.011,0,0.011,0.017356395,0,0.133433171,0.002315919,0
22281184,KOMMUNINVEST I SVERIGE REGS FIX 0.125% 20.07.2022_22281184,RC630,RC630,,LU0003_LXEUR,PROFIT_PART,AAA,2,852.4024509,1.053884663,1.053884663,Unlisted Local Authority Bond,1,1.053884663,0.011,0,0.011592731,9.881672571,0,0.063252303,0.625038551,0
22281184,KOMMUNINVEST I SVERIGE REGS FIX 0.125% 20.07.2022_22281184,RC630,RC630,,LU0003_LXEUR,PROFIT_PART,AAA,2,19.82520135,1.053884663,1.053884663,Unlisted Local Authority Bond,1,1.053884663,0.011,0,0.011592731,0.229828232,0,0.063252303,0.014537165,0
22623379_LU0003_LU0003_LXEUR,LU0003 GENERALITAT DE CATALUNYA EH9891761_IE00B0C1_22623379_LU0003_LU0003_LXEUR,RC630,RC630,,LU0003_LXEUR,PROFIT_PART,BB,4,11252.81293,0.210959451,1,Local Authority Bond,1,1,0,0,0,0,0,0.063252303,0,0
16973990,NRW.BANK EMTN VAR 01.02.2022_16973990,RC630,RC630,,LU0003_LXCLA,PROFIT_PART,AA,2,0.001223404,0.591281563,1,Unlisted Local Authority Bond,1,1,0.011,0,0.011,1.34574E-05,0,0.133433171,1.79567E-06,0
21347663_LU0003_LU0003_LXCLA,LU0003 GENERALITAT DE CATALUNYA EH9891761_IE003075_21347663_LU0003_LU0003_LXCLA,RC630,RC630,,LU0003_LXCLA,PROFIT_PART,BB,4,2.293961687,0.210959451,1,Local Authority Bond,1,1,0,0,0,0,0,0.133433171,0,0
23914620_LU0003_LU0003_LXCLA,LU0003 ERSTE ABWICKLUNGSANSTALT AZ5841061_IE00BDQZ_23914620_LU0003_LU0003_LXCLA,RC630,RC630,,LU0003_LXCLA,PROFIT_PART,AA,2,9.086744208,0.043838242,1,Unlisted Local Authority Bond,1,1,0.011,0,0.011,0.099954186,0,0.133433171,0.013337204,0
22281184,KOMMUNINVEST I SVERIGE REGS FIX 0.125% 20.07.2022_22281184,RC630,RC630,,LU0003_LXCLA,PROFIT_PART,AAA,2,10.22773253,1.053884663,1.053884663,Unlisted Local Authority Bond,1,1.053884663,0.011,0,0.011592731,0.118567355,0,0.133433171,0.015820818,0
24395316_LU0003_LU0003_LXEUR,LU0003 ERSTE ABWICKLUNGSANSTALT AX4142854_IE00B67B_24395316_LU0003_LU0003_LXEUR,RC630,RC630,,LU0003_LXEUR,PROFIT_PART,AA,2,0.00029107,0.670312001,1,Unlisted Local Authority Bond,1,1,0.011,0,0.011,3.20177E-06,0,0.063252303,2.02519E-07,0
24395316_LU0003_LU0003_LXEUR,LU0003 ERSTE ABWICKLUNGSANSTALT AX4142854_IE00B67B_24395316_LU0003_LU0003_LXEUR,RC630,RC630,,LU0003_LXEUR,PROFIT_PART,AA,2,435.1420642,0.670312001,1,Unlisted Local Authority Bond,1,1,0.011,0,0.011,4.786562706,0,0.063252303,0.302761116,0
23914620_LU0003_LU0003_LXEUR,LU0003 ERSTE ABWICKLUNGSANSTALT AZ5841061_IE00BDQZ_23914620_LU0003_LU0003_LXEUR,RC630,RC630,,LU0003_LXEUR,PROFIT_PART,AA,2,17.61353584,0.04383376,1,Unlisted Local Authority Bond,1,1,0.011,0,0.011,0.193748894,0,0.063252303,0.012255064,0
23914620_LU0003_LU0003_LXEUR,LU0003 ERSTE ABWICKLUNGSANSTALT AZ5841061_IE00BDQZ_23914620_LU0003_LU0003_LXEUR,RC630,RC630,,LU0003_LXEUR,PROFIT_PART,AA,2,757.3098932,0.04383376,1,Unlisted Local Authority Bond,1,1,0.011,0,0.011,8.330408825,0,0.063252303,0.526917546,0
21347663_LU0003_LU0003_LXEUR,LU0003 GENERALITAT DE CATALUNYA EH9891761_IE003075_21347663_LU0003_LU0003_LXEUR,RC630,RC630,,LU0003_LXEUR,PROFIT_PART,BB,4,4.446562539,0.210959451,1,Local Authority Bond,1,1,0,0,0,0,0,0.063252303,0,0
640472,LAND BERLIN 226 FIX 4.250% 25.04.2022_640472,RC630,RC630,,LU0003_LXCLA,PROFIT_PART,AA,1,2093829.803,0.81918811,1,Local Authority Bond,1,1,0,0,0,0,0,0.133433171,0,0
24395117_LU0003_LU0003_LXEUR,LU0003 NRW.BANK SR UNSEC QZ2459670_IE00BDQZ6S97_US_24395117_LU0003_LU0003_LXEUR,RC630,RC630,,LU0003_LXEUR,PROFIT_PART,AA,2,3.058475856,0.147945245,1,Unlisted Local Authority Bond,1,1,0.011,0,0.011,0.033643234,0,0.063252303,0.002128012,0
24395117_LU0003_LU0003_LXEUR,LU0003 NRW.BANK SR UNSEC QZ2459670_IE00BDQZ6S97_US_24395117_LU0003_LU0003_LXEUR,RC630,RC630,,LU0003_LXEUR,PROFIT_PART,AA,2,131.5019337,0.147945245,1,Unlisted Local Authority Bond,1,1,0.011,0,0.011,1.446521271,0,0.063252303,0.091495802,0
16973990,NRW.BANK EMTN VAR 01.02.2022_16973990,RC630,RC630,,LU0003_LXEUR,PROFIT_PART,AA,2,0.002371414,0.591281563,1,Unlisted Local Authority Bond,1,1,0.011,0,0.011,2.60856E-05,0,0.063252303,1.64997E-06,0
16973990,NRW.BANK EMTN VAR 01.02.2022_16973990,RC630,RC630,,LU0003_LXEUR,PROFIT_PART,AA,2,3545.175698,0.591281563,1,Unlisted Local Authority Bond,1,1,0.011,0,0.011,38.99693267,0,0.063252303,2.466645816,0
