Asset ID,Asset Name,Solo,Entity Code,SubEntity Code,Fund/LoB Name,Fund/LoB Type,Rating,Credit Quality Step,Market Value (MVi),Modified Duration,Duration,Category,Duration Class,Corrected Duration,Multiplication Factor,Step Up Factor,"F(Rating, Duration)",Capital Charge,Capital Charge UL,Credit Spread Relief Factor,LAC of TP,LAC of TP UL
22965272,TREASURY BILL ZERO 29.07.2021_22965272,RC630,RC630,,LU0003_LXEUR,PROFIT_PART,AAA,0,28.55450094,0.079450317,1,Non-EEA Sovereign Bond,1,1,0,0,0,0,0,0.063252303,0,0
22927510_LU0003_LU0003_LXEUR,LU0003 INDONESIA GOVERNMENT 0041189O5_IE00B464Q616_22927510_LU0003_LU0003_LXEUR,RC630,RC630,,LU0003_LXEUR,PROFIT_PART,BBB,3,2525.36555,4.281445697,4.281445697,Non-EEA Sovereign Bond,1,4.281445697,0.014,0,0.05994024,151.3710165,0,0.063252303,9.574565458,0
22927510_LU0003_LU0003_LXEUR,LU0003 INDONESIA GOVERNMENT 0041189O5_IE00B464Q616_22927510_LU0003_LU0003_LXEUR,RC630,RC630,,LU0003_LXEUR,PROFIT_PART,BBB,3,5.336905158,4.281445697,4.281445697,Non-EEA Sovereign Bond,1,4.281445697,0.014,0,0.05994024,0.319895375,0,0.063252303,0.020234119,0
22911772,TREASURY BILL ZERO 22.07.2021_22911772,RC630,RC630,,LU0003_LXEUR,PROFIT_PART,AAA,0,59959.8412,0.060272822,1,Non-EEA Sovereign Bond,1,1,0,0,0,0,0,0.063252303,0,0
22911772,TREASURY BILL ZERO 22.07.2021_22911772,RC630,RC630,,LU0003_LXEUR,PROFIT_PART,AAA,0,706.8652304,0.060272822,1,Non-EEA Sovereign Bond,1,1,0,0,0,0,0,0.063252303,0,0
11257501,REPUBLIC OF PERU 144A FIX 6.350% 12.08.2028_11257501,RC630,RC630,,LU0003_LXEUR,PROFIT_PART,A,2,164.9350091,5.775195035,5.775195035,Non-EEA Sovereign Bond,2,0.775195035,0.006,0.055,0.05965117,9.838566304,0,0.063252303,0.622311981,0
22554362,EGYPT TREASURY BILL 364D ZERO 23.11.2021_22554362,RC630,RC630,,LU0003_LXEUR,PROFIT_PART,B,5,95.12301941,0.400001122,1,Non-EEA Sovereign Bond,1,1,0.045,0,0.045,4.280535874,0,0.063252303,0.270753754,0
22433332,CHINA GOVERNMENT BOND INBK FIX 3.280% 03.12.2027_22433332,RC630,RC630,,LU0003_LXEUR,PROFIT_PART,A,2,35.2022675,5.802599526,5.802599526,Non-EEA Sovereign Bond,2,0.802599526,0.006,0.055,0.059815597,2.105644652,0,0.063252303,0.133186874,0
22433332,CHINA GOVERNMENT BOND INBK FIX 3.280% 03.12.2027_22433332,RC630,RC630,,LU0003_LXEUR,PROFIT_PART,A,2,1.038166904,5.802599526,5.802599526,Non-EEA Sovereign Bond,2,0.802599526,0.006,0.055,0.059815597,0.062098573,0,0.063252303,0.003927878,0
23207367,EGYPT TREASURY BILL 273D ZERO 13.07.2021_23207367,RC630,RC630,,LU0003_LXEUR,PROFIT_PART,B,5,146.732289,0.035612542,1,Non-EEA Sovereign Bond,1,1,0.045,0,0.045,6.602953004,0,0.063252303,0.417651987,0
23409685,TREASURY BILL ZERO 02.09.2021_23409685,RC630,RC630,,LU0003_LXEUR,PROFIT_PART,AAA,0,89888.25842,0.175340112,1,Non-EEA Sovereign Bond,1,1,0,0,0,0,0,0.063252303,0,0
22643243,TREASURY BILL ZERO 01.07.2021_22643243,RC630,RC630,,LU0003_LXEUR,PROFIT_PART,AAA,0,0.006799936,0.002741455,1,Non-EEA Sovereign Bond,1,1,0,0,0,0,0,0.063252303,0,0
23383749,TREASURY BILL ZERO 13.07.2021_23383749,RC630,RC630,,LU0003_LXEUR,PROFIT_PART,AAA,0,3139.478042,0.035612278,1,Non-EEA Sovereign Bond,1,1,0,0,0,0,0,0.063252303,0,0
3135693,US TREASURY N/B FIX 2.125% 15.08.2021_3135693,RC630,RC630,,LU0003_LXCLA,PROFIT_PART,AAA,0,20.67251564,0.126031675,1,Non-EEA Sovereign Bond,1,1,0,0,0,0,0,0.133433171,0,0
9262854,DOMINICAN REPUBLIC REGS FIX 11.500% 10.05.2024_9262854,RC630,RC630,,LU0003_LXEUR,PROFIT_PART,BB,4,7.593021848,2.506803257,2.506803257,Non-EEA Sovereign Bond,1,2.506803257,0.025,0,0.062670081,0.475855297,0,0.063252303,0.030098944,0
22061182,EGYPT GOVERNMENT BOND 5YR FIX 14.369% 20.10.2025_22061182,RC630,RC630,,LU0003_LXEUR,PROFIT_PART,B,5,145.8961178,3.263565335,3.263565335,Non-EEA Sovereign Bond,1,3.263565335,0.045,0,0.14686044,21.42636806,0,0.063252303,1.355267133,0
22681142,TREASURY BILL ZERO 08.07.2021_22681142,RC630,RC630,,LU0003_LXEUR,PROFIT_PART,AAA,0,118.979757,0.021922765,1,Non-EEA Sovereign Bond,1,1,0,0,0,0,0,0.063252303,0,0
23217002,TREASURY BILL ZERO 20.07.2021_23217002,RC630,RC630,,LU0003_LXEUR,PROFIT_PART,AAA,0,304961.7445,0.054789496,1,Non-EEA Sovereign Bond,1,1,0,0,0,0,0,0.063252303,0,0
23217002,TREASURY BILL ZERO 20.07.2021_23217002,RC630,RC630,,LU0003_LXEUR,PROFIT_PART,AAA,0,158.666354,0.054789496,1,Non-EEA Sovereign Bond,1,1,0,0,0,0,0,0.063252303,0,0
22643243,TREASURY BILL ZERO 01.07.2021_22643243,RC630,RC630,,LU0003_LXEUR,PROFIT_PART,AAA,0,115788.9154,0.002741455,1,Non-EEA Sovereign Bond,1,1,0,0,0,0,0,0.063252303,0,0
23297836,TREASURY BILL ZERO 26.08.2021_23297836,RC630,RC630,,LU0003_LXEUR,PROFIT_PART,AAA,0,481.759141,0.156165172,1,Non-EEA Sovereign Bond,1,1,0,0,0,0,0,0.063252303,0,0
23297836,TREASURY BILL ZERO 26.08.2021_23297836,RC630,RC630,,LU0003_LXEUR,PROFIT_PART,AAA,0,264140.989,0.156165172,1,Non-EEA Sovereign Bond,1,1,0,0,0,0,0,0.063252303,0,0
23217001,TREASURY BILL ZERO 19.08.2021_23217001,RC630,RC630,,LU0003_LXEUR,PROFIT_PART,AAA,0,735075.4662,0.13699054,1,Non-EEA Sovereign Bond,1,1,0,0,0,0,0,0.063252303,0,0
24190431,TREASURY BILL ZERO 26.11.2021_24190431,RC630,RC630,,LU0003_LXCLA,PROFIT_PART,AAA,0,101.5453027,0.408225615,1,Non-EEA Sovereign Bond,1,1,0,0,0,0,0,0.133433171,0,0
22681142,TREASURY BILL ZERO 08.07.2021_22681142,RC630,RC630,,LU0003_LXEUR,PROFIT_PART,AAA,0,80825.65094,0.021922765,1,Non-EEA Sovereign Bond,1,1,0,0,0,0,0,0.063252303,0,0
21719513,EGYPT GOVERNMENT BOND 5YR FIX 14.605% 08.09.2025_21719513,RC630,RC630,,LU0003_LXCLA,PROFIT_PART,B,5,21.21284475,3.139265542,3.139265542,Non-EEA Sovereign Bond,1,3.139265542,0.045,0,0.141266949,2.996673866,0,0.133433171,0.399855696,0
21729100,TREASURY BILL ZERO 09.09.2021_21729100,RC630,RC630,,LU0003_LXCLA,PROFIT_PART,AAA,0,161.0498157,0.194526334,1,Non-EEA Sovereign Bond,1,1,0,0,0,0,0,0.133433171,0,0
21473847,DOMINICAN REPUBLIC REGS FIX 16.950% 04.02.2022_21473847,RC630,RC630,,LU0003_LXEUR,PROFIT_PART,BB,4,67.94991295,0.56279542,1,Non-EEA Sovereign Bond,1,1,0.025,0,0.025,1.698747824,0,0.063252303,0.107449713,0
14381795,DOMINICAN REPUBLIC BON REGS FIX 10.500% 07.04.2023_14381795,RC630,RC630,,LU0003_LXCLA,PROFIT_PART,BB,4,19.57499722,1.631177631,1.631177631,Non-EEA Sovereign Bond,1,1.631177631,0.025,0,0.040779441,0.79825744,0,0.133433171,0.106514021,0
14203282,DOMINICAN REPUBLIC REGS FIX 8.900% 15.02.2023_14203282,RC630,RC630,,LU0003_LXCLA,PROFIT_PART,BB,4,26.05749624,1.509445439,1.509445439,Non-EEA Sovereign Bond,1,1.509445439,0.025,0,0.037736136,0.983309221,0,0.133433171,0.131206067,0
18041120,CHINA GOVERNMENT BOND 1910 FIX 3.860% 22.07.2049_18041120,RC630,RC630,,LU0003_LXCLA,PROFIT_PART,A,2,3.980565184,17.12906386,17.12906386,Non-EEA Sovereign Bond,4,2.129063864,0.005,0.109,0.119645319,0.476255993,0,0.133433171,0.063548347,0
22965272,TREASURY BILL ZERO 29.07.2021_22965272,RC630,RC630,,LU0003_LXCLA,PROFIT_PART,AAA,0,14.73113907,0.079450317,1,Non-EEA Sovereign Bond,1,1,0,0,0,0,0,0.133433171,0,0
21755092,CHINA GOVERNMENT BOND INBK FIX 3.810% 14.09.2050_21755092,RC630,RC630,,LU0003_LXEUR,PROFIT_PART,A,2,5.953247054,17.64907167,17.64907167,Non-EEA Sovereign Bond,4,2.649071675,0.005,0.109,0.122245358,0.72775682,0,0.063252303,0.046032295,0
21755092,CHINA GOVERNMENT BOND INBK FIX 3.810% 14.09.2050_21755092,RC630,RC630,,LU0003_LXEUR,PROFIT_PART,A,2,0.175570052,17.64907167,17.64907167,Non-EEA Sovereign Bond,4,2.649071675,0.005,0.109,0.122245358,0.021462624,0,0.063252303,0.00135756,0
21719513,EGYPT GOVERNMENT BOND 5YR FIX 14.605% 08.09.2025_21719513,RC630,RC630,,LU0003_LXEUR,PROFIT_PART,B,5,41.11849006,3.139265542,3.139265542,Non-EEA Sovereign Bond,1,3.139265542,0.045,0,0.141266949,5.808683655,0,0.063252303,0.367412621,0
21729100,TREASURY BILL ZERO 09.09.2021_21729100,RC630,RC630,,LU0003_LXEUR,PROFIT_PART,AAA,0,312.1752563,0.194526334,1,Non-EEA Sovereign Bond,1,1,0,0,0,0,0,0.063252303,0,0
21729100,TREASURY BILL ZERO 09.09.2021_21729100,RC630,RC630,,LU0003_LXEUR,PROFIT_PART,AAA,0,13422.2573,0.194526334,1,Non-EEA Sovereign Bond,1,1,0,0,0,0,0,0.063252303,0,0
20081374,CHINA GOVERNMENT BOND INBK FIX 3.390% 16.03.2050_20081374,RC630,RC630,,LU0003_LXCLA,PROFIT_PART,A,2,4.952332212,17.93397867,17.93397867,Non-EEA Sovereign Bond,4,2.933978674,0.005,0.109,0.123669893,0.612454397,0,0.133433171,0.081721732,0
22965272,TREASURY BILL ZERO 29.07.2021_22965272,RC630,RC630,,LU0003_LXEUR,PROFIT_PART,AAA,0,1227.726576,0.079450317,1,Non-EEA Sovereign Bond,1,1,0,0,0,0,0,0.063252303,0,0
16627755,US TREASURY N/B FIX 2.500% 15.02.2022_16627755,RC630,RC630,,LU0003_LXCLA,PROFIT_PART,AAA,0,0.111480277,0.624041323,1,Non-EEA Sovereign Bond,1,1,0,0,0,0,0,0.133433171,0,0
21755092,CHINA GOVERNMENT BOND INBK FIX 3.810% 14.09.2050_21755092,RC630,RC630,,LU0003_LXCLA,PROFIT_PART,A,2,3.071253476,17.64907167,17.64907167,Non-EEA Sovereign Bond,4,2.649071675,0.005,0.109,0.122245358,0.375446482,0,0.133433171,0.050097015,0
22061182,EGYPT GOVERNMENT BOND 5YR FIX 14.369% 20.10.2025_22061182,RC630,RC630,,LU0003_LXCLA,PROFIT_PART,B,5,75.26715334,3.263565335,3.263565335,Non-EEA Sovereign Bond,1,3.263565335,0.045,0,0.14686044,11.05376726,0,0.133433171,1.474939215,0
22028343,EGYPT GOVERNMENT BOND 3YR FIX 14.313% 13.10.2023_22028343,RC630,RC630,,LU0003_LXCLA,PROFIT_PART,B,5,19.51325853,1.975849733,1.975849733,Non-EEA Sovereign Bond,1,1.975849733,0.045,0,0.088913238,1.734987,0,0.133433171,0.231504817,0
22927510_LU0003_LU0003_LXCLA,LU0003 INDONESIA GOVERNMENT 0041189O5_IE00B464Q616_22927510_LU0003_LU0003_LXCLA,RC630,RC630,,LU0003_LXCLA,PROFIT_PART,BBB,3,2.753285454,4.281445697,4.281445697,Non-EEA Sovereign Bond,1,4.281445697,0.014,0,0.05994024,0.16503259,0,0.133433171,0.022020822,0
22911772,TREASURY BILL ZERO 22.07.2021_22911772,RC630,RC630,,LU0003_LXCLA,PROFIT_PART,AAA,0,364.6686046,0.060272822,1,Non-EEA Sovereign Bond,1,1,0,0,0,0,0,0.133433171,0,0
18126309,US TREASURY N/B FIX 2.250% 15.08.2049_18126309,RC630,RC630,,LU0003_LXCLA,PROFIT_PART,AAA,0,0.001632442,20.91862287,20.91862287,Non-EEA Sovereign Bond,5,0.918622871,0,0,0,0,0,0.133433171,0,0
22554362,EGYPT TREASURY BILL 364D ZERO 23.11.2021_22554362,RC630,RC630,,LU0003_LXCLA,PROFIT_PART,B,5,49.07353943,0.400001122,1,Non-EEA Sovereign Bond,1,1,0.045,0,0.045,2.208309274,0,0.133433171,0.294661708,0
22643243,TREASURY BILL ZERO 01.07.2021_22643243,RC630,RC630,,LU0003_LXCLA,PROFIT_PART,AAA,0,0.003508059,0.002741455,1,Non-EEA Sovereign Bond,1,1,0,0,0,0,0,0.133433171,0,0
22433332,CHINA GOVERNMENT BOND INBK FIX 3.280% 03.12.2027_22433332,RC630,RC630,,LU0003_LXCLA,PROFIT_PART,A,2,18.16069205,5.802599526,5.802599526,Non-EEA Sovereign Bond,2,0.802599526,0.006,0.055,0.059815597,1.08629264,0,0.133433171,0.144947471,0
22681142,TREASURY BILL ZERO 08.07.2021_22681142,RC630,RC630,,LU0003_LXCLA,PROFIT_PART,AAA,0,61.38112342,0.021922765,1,Non-EEA Sovereign Bond,1,1,0,0,0,0,0,0.133433171,0,0
17595066,DOMINICAN REPUBLIC BON REGS FIX 10.750% 11.08.2028_17595066,RC630,RC630,,LU0003_LXEUR,PROFIT_PART,BB,4,72.38231455,5.088385439,5.088385439,Non-EEA Sovereign Bond,2,0.088385439,0.015,0.125,0.126325782,9.143752458,0,0.063252303,0.578363404,0
17490488,US TREASURY N/B FIX 2.375% 15.05.2029_17490488,RC630,RC630,,LU0003_LXEUR,PROFIT_PART,AAA,0,152.8570574,7.239746065,7.239746065,Non-EEA Sovereign Bond,2,2.239746065,0,0,0,0,0,0.063252303,0,0
17490488,US TREASURY N/B FIX 2.375% 15.05.2029_17490488,RC630,RC630,,LU0003_LXCLA,PROFIT_PART,AAA,0,78.85827088,7.239746065,7.239746065,Non-EEA Sovereign Bond,2,2.239746065,0,0,0,0,0,0.133433171,0,0
23136323,TREASURY BILL ZERO 06.07.2021_23136323,RC630,RC630,,LU0003_LXEUR,PROFIT_PART,AAA,0,58.41512519,0.01643976,1,Non-EEA Sovereign Bond,1,1,0,0,0,0,0,0.063252303,0,0
23136323,TREASURY BILL ZERO 06.07.2021_23136323,RC630,RC630,,LU0003_LXEUR,PROFIT_PART,AAA,0,55640.34942,0.01643976,1,Non-EEA Sovereign Bond,1,1,0,0,0,0,0,0.063252303,0,0
23120394,TREASURY BILL ZERO 05.08.2021_23120394,RC630,RC630,,LU0003_LXEUR,PROFIT_PART,AAA,0,190.123906,0.098632803,1,Non-EEA Sovereign Bond,1,1,0,0,0,0,0,0.063252303,0,0
23120394,TREASURY BILL ZERO 05.08.2021_23120394,RC630,RC630,,LU0003_LXEUR,PROFIT_PART,AAA,0,221822.8012,0.098632803,1,Non-EEA Sovereign Bond,1,1,0,0,0,0,0,0.063252303,0,0
23134853,ISRAEL MAKAM BILL 0212 ZERO 02.02.2022_23134853,RC630,RC630,,LU0003_LXEUR,PROFIT_PART,A,2,8.973343102,0.594521525,1,Non-EEA Sovereign Bond,1,1,0.011,0,0.011,0.098706774,0,0.063252303,0.006243431,0
23170668,ISRAEL TREASURY BILL MOF 1121 ZERO 30.11.2021_23170668,RC630,RC630,,LU0003_LXEUR,PROFIT_PART,A,2,8.974579387,0.419184543,1,Non-EEA Sovereign Bond,1,1,0.011,0,0.011,0.098720373,0,0.063252303,0.006244291,0
22028343,EGYPT GOVERNMENT BOND 3YR FIX 14.313% 13.10.2023_22028343,RC630,RC630,,LU0003_LXEUR,PROFIT_PART,B,5,37.82405125,1.975849733,1.975849733,Non-EEA Sovereign Bond,1,1.975849733,0.045,0,0.088913238,3.36305887,0,0.063252303,0.21272122,0
22185637,TREASURY BILL ZERO 04.11.2021_22185637,RC630,RC630,,LU0003_LXEUR,PROFIT_PART,AAA,0,15246.11771,0.347947849,1,Non-EEA Sovereign Bond,1,1,0,0,0,0,0,0.063252303,0,0
24190431,TREASURY BILL ZERO 26.11.2021_24190431,RC630,RC630,,LU0003_LXEUR,PROFIT_PART,AAA,0,196.8330778,0.408225615,1,Non-EEA Sovereign Bond,1,1,0,0,0,0,0,0.063252303,0,0
24190431,TREASURY BILL ZERO 26.11.2021_24190431,RC630,RC630,,LU0003_LXEUR,PROFIT_PART,AAA,0,8463.016082,0.408225615,1,Non-EEA Sovereign Bond,1,1,0,0,0,0,0,0.063252303,0,0
24394850_LU0003_LU0003_LXEUR,LU0003 JAPAN TREASURY DISC BILL #992 BP3395764_IE0_24394850_LU0003_LU0003_LXEUR,RC630,RC630,,LU0003_LXEUR,PROFIT_PART,A,2,98.44681411,0.112329859,1,Non-EEA Sovereign Bond,1,1,0.011,0,0.011,1.082914955,0,0.063252303,0.068496865,0
17595066,DOMINICAN REPUBLIC BON REGS FIX 10.750% 11.08.2028_17595066,RC630,RC630,,LU0003_LXCLA,PROFIT_PART,BB,4,37.3417117,5.088385439,5.088385439,Non-EEA Sovereign Bond,2,0.088385439,0.015,0.125,0.126325782,4.717220916,0,0.133433171,0.629433744,0
18092433,DOMINICAN REPUBLIC BON REGS FIX 10.875% 14.01.2026_18092433,RC630,RC630,,LU0003_LXCLA,PROFIT_PART,BB,4,11.17402644,3.599645082,3.599645082,Non-EEA Sovereign Bond,1,3.599645082,0.025,0,0.089991127,1.005563233,0,0.133433171,0.134175491,0
17691130,DOMINICAN REPUBLIC REGS FIX 9.750% 05.06.2026_17691130,RC630,RC630,,LU0003_LXCLA,PROFIT_PART,BB,4,80.21330085,4.049398462,4.049398462,Non-EEA Sovereign Bond,1,4.049398462,0.025,0,0.101234962,8.120390426,0,0.133433171,1.083529442,0
23646036,TREASURY BILL ZERO 30.09.2021_23646036,RC630,RC630,,LU0003_LXEUR,PROFIT_PART,AAA,0,13275.00954,0.252056867,1,Non-EEA Sovereign Bond,1,1,0,0,0,0,0,0.063252303,0,0
22554053_LU0003_LU0003_LXEUR,LU0003 SOUTH AFRICA (REP) BD SER R186 0072269H8_IE_22554053_LU0003_LU0003_LXEUR,RC630,RC630,,LU0003_LXEUR,PROFIT_PART,BB,4,1710.66078,4.373181285,4.373181285,Non-EEA Sovereign Bond,1,4.373181285,0.025,0,0.109329532,187.0257427,0,0.063252303,11.82980901,0
9262854,DOMINICAN REPUBLIC REGS FIX 11.500% 10.05.2024_9262854,RC630,RC630,,LU0003_LXCLA,PROFIT_PART,BB,4,3.917205944,2.506803257,2.506803257,Non-EEA Sovereign Bond,1,2.506803257,0.025,0,0.062670081,0.245491615,0,0.133433171,0.032756725,0
21282229,TREASURY BILL ZERO 15.07.2021_21282229,RC630,RC630,,LU0003_LXCLA,PROFIT_PART,AAA,0,2.04601949,0.04109989,1,Non-EEA Sovereign Bond,1,1,0,0,0,0,0,0.133433171,0,0
24394913_LU0003_LU0003_LXEUR,LU0003 CHINA GOVERNMENT BOND BO9178522_IE00BLNMYB8_24394913_LU0003_LU0003_LXEUR,RC630,RC630,,LU0003_LXEUR,PROFIT_PART,A,2,0.001803088,0.308905579,1,Non-EEA Sovereign Bond,1,1,0.011,0,0.011,1.9834E-05,0,0.063252303,1.25454E-06,0
24394913_LU0003_LU0003_LXEUR,LU0003 CHINA GOVERNMENT BOND BO9178522_IE00BLNMYB8_24394913_LU0003_LU0003_LXEUR,RC630,RC630,,LU0003_LXEUR,PROFIT_PART,A,2,5.31758E-05,0.308905579,1,Non-EEA Sovereign Bond,1,1,0.011,0,0.011,5.84934E-07,0,0.063252303,3.69984E-08,0
24139040,TREASURY BILL ZERO 18.11.2021_24139040,RC630,RC630,,LU0003_LXCLA,PROFIT_PART,AAA,0,69.60145347,0.386303248,1,Non-EEA Sovereign Bond,1,1,0,0,0,0,0,0.133433171,0,0
23914622_LU0003_LU0003_LXCLA,LU0003 CHINA GOVERNMENT BOND ZO9552175_IE00BLNMYB8_23914622_LU0003_LU0003_LXCLA,RC630,RC630,,LU0003_LXCLA,PROFIT_PART,A,2,3.525773091,4.030569751,4.030569751,Non-EEA Sovereign Bond,1,4.030569751,0.011,0,0.044336267,0.156319618,0,0.133433171,0.020858222,0
23531153,EGYPT TREASURY BILL 364D ZERO 17.08.2021_23531153,RC630,RC630,,LU0003_LXEUR,PROFIT_PART,B,5,224.8438304,0.131510083,1,Non-EEA Sovereign Bond,1,1,0.045,0,0.045,10.11797237,0,0.063252303,0.639985058,0
23531246,EGYPT TREASURY BILL 364D ZERO 03.08.2021_23531246,RC630,RC630,,LU0003_LXEUR,PROFIT_PART,B,5,556.6594512,0.093145193,1,Non-EEA Sovereign Bond,1,1,0.045,0,0.045,25.0496753,0,0.063252303,1.584449662,0
20904570,CHINA GOVERNMENT BOND INBK FIX 2.850% 04.06.2027_20904570,RC630,RC630,,LU0003_LXCLA,PROFIT_PART,A,2,3.692836815,5.528601856,5.528601856,Non-EEA Sovereign Bond,2,0.528601856,0.006,0.055,0.058171611,0.214818267,0,0.133433171,0.028663883,0
23552919,US TREASURY N/B FIX 0.125% 31.03.2023_23552919,RC630,RC630,,LU0003_LXEUR,PROFIT_PART,AAA,0,59162.22901,1.748900166,1.748900166,Non-EEA Sovereign Bond,1,1.748900166,0,0,0,0,0,0.063252303,0,0
20394611,CHINA GOVERNMENT BOND INBK FIX 1.990% 09.04.2025_20394611,RC630,RC630,,LU0003_LXEUR,PROFIT_PART,A,2,27.1474425,3.660379362,3.660379362,Non-EEA Sovereign Bond,1,3.660379362,0.011,0,0.040264173,1.093069321,0,0.063252303,0.069139152,0
20394611,CHINA GOVERNMENT BOND INBK FIX 1.990% 09.04.2025_20394611,RC630,RC630,,LU0003_LXEUR,PROFIT_PART,A,2,0.800618232,3.660379362,3.660379362,Non-EEA Sovereign Bond,1,3.660379362,0.011,0,0.040264173,0.032236231,0,0.063252303,0.002039016,0
CASH_USD,CASH_USD_CASH_USD,RC630,RC630,,LU0003_LXEUR,PROFIT_PART,NR,unrated,12993.44648,0,1,Non-EEA Sovereign Bond,1,1,0.03,0,0.03,389.8033944,0,0.063252303,24.65596256,0
18092433,DOMINICAN REPUBLIC BON REGS FIX 10.875% 14.01.2026_18092433,RC630,RC630,,LU0003_LXEUR,PROFIT_PART,BB,4,21.65947569,3.599645082,3.599645082,Non-EEA Sovereign Bond,1,3.599645082,0.025,0,0.089991127,1.949160628,0,0.063252303,0.123288899,0
20081374,CHINA GOVERNMENT BOND INBK FIX 3.390% 16.03.2050_20081374,RC630,RC630,,LU0003_LXEUR,PROFIT_PART,A,2,9.599486782,17.93397867,17.93397867,Non-EEA Sovereign Bond,4,2.933978674,0.005,0.109,0.123669893,1.187167507,0,0.063252303,0.075091079,0
20081374,CHINA GOVERNMENT BOND INBK FIX 3.390% 16.03.2050_20081374,RC630,RC630,,LU0003_LXEUR,PROFIT_PART,A,2,0.283103039,17.93397867,17.93397867,Non-EEA Sovereign Bond,4,2.933978674,0.005,0.109,0.123669893,0.035011323,0,0.063252303,0.002214547,0
14203282,DOMINICAN REPUBLIC REGS FIX 8.900% 15.02.2023_14203282,RC630,RC630,,LU0003_LXEUR,PROFIT_PART,BB,4,50.509251,1.509445439,1.509445439,Non-EEA Sovereign Bond,1,1.509445439,0.025,0,0.037736136,1.906023964,0,0.063252303,0.120560406,0
20394611,CHINA GOVERNMENT BOND INBK FIX 1.990% 09.04.2025_20394611,RC630,RC630,,LU0003_LXCLA,PROFIT_PART,A,2,14.00524393,3.660379362,3.660379362,Non-EEA Sovereign Bond,1,3.660379362,0.011,0,0.040264173,0.563909564,0,0.133433171,0.075244241,0
2983248,ISRAEL FIXED BOND 0122 FIX 5.500% 31.01.2022_2983248,RC630,RC630,,LU0003_LXEUR,PROFIT_PART,A,2,25.94970908,0.589040669,1,Non-EEA Sovereign Bond,1,1,0.011,0,0.011,0.2854468,0,0.063252303,0.018055168,0
23652272,TREASURY BILL ZERO 03.08.2021_23652272,RC630,RC630,,LU0003_LXCLA,PROFIT_PART,AAA,0,104.7437365,0.093149474,1,Non-EEA Sovereign Bond,1,1,0,0,0,0,0,0.133433171,0,0
23531246,EGYPT TREASURY BILL 364D ZERO 03.08.2021_23531246,RC630,RC630,,LU0003_LXCLA,PROFIT_PART,B,5,287.1781163,0.093145193,1,Non-EEA Sovereign Bond,1,1,0.045,0,0.045,12.92301523,0,0.133433171,1.724358898,0
23531153,EGYPT TREASURY BILL 364D ZERO 17.08.2021_23531153,RC630,RC630,,LU0003_LXCLA,PROFIT_PART,B,5,115.9959245,0.131510083,1,Non-EEA Sovereign Bond,1,1,0.045,0,0.045,5.219816602,0,0.133433171,0.69649668,0
17737410,ISRAEL FIXED BOND 0722 FIX 0.750% 31.07.2022_17737410,RC630,RC630,,LU0003_LXEUR,PROFIT_PART,A,2,6.909605714,1.077563856,1.077563856,Non-EEA Sovereign Bond,1,1.077563856,0.011,0,0.011853202,0.081900955,0,0.063252303,0.005180424,0
21282229,TREASURY BILL ZERO 15.07.2021_21282229,RC630,RC630,,LU0003_LXEUR,PROFIT_PART,AAA,0,151269.4236,0.04109989,1,Non-EEA Sovereign Bond,1,1,0,0,0,0,0,0.063252303,0,0
17691130,DOMINICAN REPUBLIC REGS FIX 9.750% 05.06.2026_17691130,RC630,RC630,,LU0003_LXEUR,PROFIT_PART,BB,4,155.4836163,4.049398462,4.049398462,Non-EEA Sovereign Bond,1,4.049398462,0.025,0,0.101234962,15.74037791,0,0.063252303,0.995615159,0
20904570,CHINA GOVERNMENT BOND INBK FIX 2.850% 04.06.2027_20904570,RC630,RC630,,LU0003_LXEUR,PROFIT_PART,A,2,7.158109891,5.528601856,5.528601856,Non-EEA Sovereign Bond,2,0.528601856,0.006,0.055,0.058171611,0.416398785,0,0.063252303,0.026338182,0
20904570,CHINA GOVERNMENT BOND INBK FIX 2.850% 04.06.2027_20904570,RC630,RC630,,LU0003_LXEUR,PROFIT_PART,A,2,0.211103246,5.528601856,5.528601856,Non-EEA Sovereign Bond,2,0.528601856,0.006,0.055,0.058171611,0.012280216,0,0.063252303,0.000776752,0
18126309,US TREASURY N/B FIX 2.250% 15.08.2049_18126309,RC630,RC630,,LU0003_LXEUR,PROFIT_PART,AAA,0,4.382283884,20.91862287,20.91862287,Non-EEA Sovereign Bond,5,0.918622871,0,0,0,0,0,0.063252303,0,0
18126309,US TREASURY N/B FIX 2.250% 15.08.2049_18126309,RC630,RC630,,LU0003_LXEUR,PROFIT_PART,AAA,0,0.003164278,20.91862287,20.91862287,Non-EEA Sovereign Bond,5,0.918622871,0,0,0,0,0,0.063252303,0,0
20151604_LU0003_LU0003_LXEUR,LU0003 PERU B SOBERANO PPA33S6W1_IE0030759645_PEN _20151604_LU0003_LU0003_LXEUR,RC630,RC630,,LU0003_LXEUR,PROFIT_PART,A,2,119.4593905,11.40443051,11.40443051,Non-EEA Sovereign Bond,3,1.404430512,0.005,0.084,0.091022153,10.87345087,0,0.063252303,0.687770813,0
24139074_LU0003_LU0003_LXEUR,LU0003 ISRAEL TREASURY BILL MOF BO9406493_IE00B5ZR_24139074_LU0003_LU0003_LXEUR,RC630,RC630,,LU0003_LXEUR,PROFIT_PART,A,2,2.268750552,0.665761448,1,Non-EEA Sovereign Bond,1,1,0.011,0,0.011,0.024956256,0,0.063252303,0.001578541,0
24139040,TREASURY BILL ZERO 18.11.2021_24139040,RC630,RC630,,LU0003_LXEUR,PROFIT_PART,AAA,0,134.9138555,0.386303248,1,Non-EEA Sovereign Bond,1,1,0,0,0,0,0,0.063252303,0,0
24139040,TREASURY BILL ZERO 18.11.2021_24139040,RC630,RC630,,LU0003_LXEUR,PROFIT_PART,AAA,0,5800.743158,0.386303248,1,Non-EEA Sovereign Bond,1,1,0,0,0,0,0,0.063252303,0,0
15498571,INDONESIA GOVERNMENT FR77 FIX 8.125% 15.05.2024_15498571,RC630,RC630,,LU0003_LXCLA,PROFIT_PART,BBB,3,0.736461638,2.610752094,2.610752094,Non-EEA Sovereign Bond,1,2.610752094,0.014,0,0.036550529,0.026918063,0,0.133433171,0.003591762,0
21473847,DOMINICAN REPUBLIC REGS FIX 16.950% 04.02.2022_21473847,RC630,RC630,,LU0003_LXCLA,PROFIT_PART,BB,4,35.05505558,0.56279542,1,Non-EEA Sovereign Bond,1,1,0.025,0,0.025,0.87637639,0,0.133433171,0.11693768,0
10931330,CHINA GOVERNMENT BOND 1614 FIX 2.950% 16.06.2023_10931330,RC630,RC630,,LU0003_LXCLA,PROFIT_PART,A,2,3.577329277,1.933140966,1.933140966,Non-EEA Sovereign Bond,1,1.933140966,0.011,0,0.021264551,0.0760703,0,0.133433171,0.010150301,0
21282229,TREASURY BILL ZERO 15.07.2021_21282229,RC630,RC630,,LU0003_LXEUR,PROFIT_PART,AAA,0,3.965957092,0.04109989,1,Non-EEA Sovereign Bond,1,1,0,0,0,0,0,0.063252303,0,0
10931330,CHINA GOVERNMENT BOND 1614 FIX 2.950% 16.06.2023_10931330,RC630,RC630,,LU0003_LXEUR,PROFIT_PART,A,2,6.934212739,1.933140966,1.933140966,Non-EEA Sovereign Bond,1,1.933140966,0.011,0,0.021264551,0.147452918,0,0.063252303,0.009326737,0
10931330,CHINA GOVERNMENT BOND 1614 FIX 2.950% 16.06.2023_10931330,RC630,RC630,,LU0003_LXEUR,PROFIT_PART,A,2,0.204500196,1.933140966,1.933140966,Non-EEA Sovereign Bond,1,1.933140966,0.011,0,0.021264551,0.004348605,0,0.063252303,0.000275059,0
15498571,INDONESIA GOVERNMENT FR77 FIX 8.125% 15.05.2024_15498571,RC630,RC630,,LU0003_LXEUR,PROFIT_PART,BBB,3,947.8165186,2.610752094,2.610752094,Non-EEA Sovereign Bond,1,2.610752094,0.014,0,0.036550529,34.64319544,0,0.063252303,2.191261908,0
23914622_LU0003_LU0003_LXEUR,LU0003 CHINA GOVERNMENT BOND ZO9552175_IE00BLNMYB8_23914622_LU0003_LU0003_LXEUR,RC630,RC630,,LU0003_LXEUR,PROFIT_PART,A,2,6.833532681,4.030544497,4.030544497,Non-EEA Sovereign Bond,1,4.030544497,0.011,0,0.044335989,0.302971433,0,0.063252303,0.019163641,0
22554162,EGYPT TREASURY BILL 364D ZERO 26.10.2021_22554162,RC630,RC630,,LU0003_LXCLA,PROFIT_PART,B,5,16.95207209,0.323289933,1,Non-EEA Sovereign Bond,1,1,0.045,0,0.045,0.762843244,0,0.133433171,0.101788593,0
22554053_LU0003_LU0003_LXCLA,LU0003 SOUTH AFRICA (REP) BD SER R186 0072269H8_IE_22554053_LU0003_LU0003_LXCLA,RC630,RC630,,LU0003_LXCLA,PROFIT_PART,BB,4,882.5222302,4.373181285,4.373181285,Non-EEA Sovereign Bond,1,4.373181285,0.025,0,0.109329532,96.48574251,0,0.133433171,12.87439856,0
23207367,EGYPT TREASURY BILL 273D ZERO 13.07.2021_23207367,RC630,RC630,,LU0003_LXCLA,PROFIT_PART,B,5,75.69853031,0.035612542,1,Non-EEA Sovereign Bond,1,1,0.045,0,0.045,3.406433864,0,0.133433171,0.454531271,0
23523029,TREASURY BILL ZERO 16.09.2021_23523029,RC630,RC630,,LU0003_LXEUR,PROFIT_PART,AAA,0,0.001018706,0.213700059,1,Non-EEA Sovereign Bond,1,1,0,0,0,0,0,0.063252303,0,0
23523029,TREASURY BILL ZERO 16.09.2021_23523029,RC630,RC630,,LU0003_LXEUR,PROFIT_PART,AAA,0,1522.929557,0.213700059,1,Non-EEA Sovereign Bond,1,1,0,0,0,0,0,0.063252303,0,0
23914622_LU0003_LU0003_LXEUR,LU0003 CHINA GOVERNMENT BOND ZO9552175_IE00BLNMYB8_23914622_LU0003_LU0003_LXEUR,RC630,RC630,,LU0003_LXEUR,PROFIT_PART,A,2,0.201530969,4.030544497,4.030544497,Non-EEA Sovereign Bond,1,4.030544497,0.011,0,0.044335989,0.008935075,0,0.063252303,0.000565164,0
CASH_USD,CASH_USD_CASH_USD,RC630,RC630,,LU0003_LXEUR,PROFIT_PART,NR,unrated,15.42364976,0,1,Non-EEA Sovereign Bond,1,1,0.03,0,0.03,0.462709493,0,0.063252303,0.029267441,0
10364122_LU0003_LU0003_LXCLA,LU0003 DOMINICAN REPUBLIC REGS FIX 10.375% 04.03.2_10364122_LU0003_LU0003_LXCLA,RC630,RC630,,LU0003_LXCLA,PROFIT_PART,BB,4,4.064697983,0.652590491,1,Non-EEA Sovereign Bond,1,1,0.025,0,0.025,0.10161745,0,0.133433171,0.013559139,0
24394913_LU0003_LU0003_LXCLA,LU0003 CHINA GOVERNMENT BOND BO9178522_IE00BLNMYB8_24394913_LU0003_LU0003_LXCLA,RC630,RC630,,LU0003_LXCLA,PROFIT_PART,A,2,0.28240559,18.0270379,18.0270379,Non-EEA Sovereign Bond,4,3.0270379,0.005,0.109,0.12413519,0.035056471,0,0.133433171,0.004677696,0
15498571,INDONESIA GOVERNMENT FR77 FIX 8.125% 15.05.2024_15498571,RC630,RC630,,LU0003_LXEUR,PROFIT_PART,BBB,3,1.42754029,2.610752094,2.610752094,Non-EEA Sovereign Bond,1,2.610752094,0.014,0,0.036550529,0.052177353,0,0.063252303,0.003300338,0
10740749,CHINA GOVERNMENT BOND 1610 FIX 2.900% 05.05.2026_10740749,RC630,RC630,,LU0003_LXCLA,PROFIT_PART,A,2,8.154614129,4.539145325,4.539145325,Non-EEA Sovereign Bond,1,4.539145325,0.011,0,0.049930599,0.407164765,0,0.133433171,0.054329286,0
11064207,US TREASURY N/B FIX 1.125% 31.08.2021_11064207,RC630,RC630,,LU0003_LXEUR,PROFIT_PART,AAA,0,25672.29743,0.169862717,1,Non-EEA Sovereign Bond,1,1,0,0,0,0,0,0.063252303,0,0
22554162,EGYPT TREASURY BILL 364D ZERO 26.10.2021_22554162,RC630,RC630,,LU0003_LXEUR,PROFIT_PART,B,5,32.85950638,0.323289933,1,Non-EEA Sovereign Bond,1,1,0.045,0,0.045,1.478677787,0,0.063252303,0.093529776,0
23523029,TREASURY BILL ZERO 16.09.2021_23523029,RC630,RC630,,LU0003_LXCLA,PROFIT_PART,AAA,0,0.00052555,0.213700059,1,Non-EEA Sovereign Bond,1,1,0,0,0,0,0,0.133433171,0,0
23120394,TREASURY BILL ZERO 05.08.2021_23120394,RC630,RC630,,LU0003_LXCLA,PROFIT_PART,AAA,0,98.08407108,0.098632803,1,Non-EEA Sovereign Bond,1,1,0,0,0,0,0,0.133433171,0,0
24007403,TREASURY BILL ZERO 24.08.2021_24007403,RC630,RC630,,LU0003_LXCLA,PROFIT_PART,AAA,0,184.1398637,0.150684893,1,Non-EEA Sovereign Bond,1,1,0,0,0,0,0,0.133433171,0,0
24082560,CASH MGMT BILL ZERO 07.09.2021_24082560,RC630,RC630,,LU0003_LXCLA,PROFIT_PART,AAA,0,150.5486372,0.189040586,1,Non-EEA Sovereign Bond,1,1,0,0,0,0,0,0.133433171,0,0
24123130,CASH MGMT BILL ZERO 14.09.2021_24123130,RC630,RC630,,LU0003_LXCLA,PROFIT_PART,AAA,0,18.48642199,0.208220641,1,Non-EEA Sovereign Bond,1,1,0,0,0,0,0,0.133433171,0,0
23984548,CASH MGMT BILL ZERO 31.08.2021_23984548,RC630,RC630,,LU0003_LXCLA,PROFIT_PART,AAA,0,60.96907837,0.169860884,1,Non-EEA Sovereign Bond,1,1,0,0,0,0,0,0.133433171,0,0
23217002,TREASURY BILL ZERO 20.07.2021_23217002,RC630,RC630,,LU0003_LXCLA,PROFIT_PART,AAA,0,81.85526097,0.054789496,1,Non-EEA Sovereign Bond,1,1,0,0,0,0,0,0.133433171,0,0
10740749,CHINA GOVERNMENT BOND 1610 FIX 2.900% 05.05.2026_10740749,RC630,RC630,,LU0003_LXEUR,PROFIT_PART,A,2,15.80671635,4.539145325,4.539145325,Non-EEA Sovereign Bond,1,4.539145325,0.011,0,0.049930599,0.789238809,0,0.063252303,0.049921173,0
10740749,CHINA GOVERNMENT BOND 1610 FIX 2.900% 05.05.2026_10740749,RC630,RC630,,LU0003_LXEUR,PROFIT_PART,A,2,0.46616341,4.539145325,4.539145325,Non-EEA Sovereign Bond,1,4.539145325,0.011,0,0.049930599,0.023275818,0,0.063252303,0.001472249,0
23297836,TREASURY BILL ZERO 26.08.2021_23297836,RC630,RC630,,LU0003_LXCLA,PROFIT_PART,AAA,0,248.5373819,0.156165172,1,Non-EEA Sovereign Bond,1,1,0,0,0,0,0,0.133433171,0,0
23136323,TREASURY BILL ZERO 06.07.2021_23136323,RC630,RC630,,LU0003_LXCLA,PROFIT_PART,AAA,0,30.13610131,0.01643976,1,Non-EEA Sovereign Bond,1,1,0,0,0,0,0,0.133433171,0,0
10364122_LU0003_LU0003_LXEUR,LU0003 DOMINICAN REPUBLIC REGS FIX 10.375% 04.03.2_10364122_LU0003_LU0003_LXEUR,RC630,RC630,,LU0003_LXEUR,PROFIT_PART,BB,4,7.878917022,0.652590491,1,Non-EEA Sovereign Bond,1,1,0.025,0,0.025,0.196972926,0,0.063252303,0.012458991,0
11257501,REPUBLIC OF PERU 144A FIX 6.350% 12.08.2028_11257501,RC630,RC630,,LU0003_LXCLA,PROFIT_PART,A,2,85.08923208,5.775195035,5.775195035,Non-EEA Sovereign Bond,2,0.775195035,0.006,0.055,0.05965117,5.075672266,0,0.133433171,0.677263044,0
16627755,US TREASURY N/B FIX 2.500% 15.02.2022_16627755,RC630,RC630,,LU0003_LXEUR,PROFIT_PART,AAA,0,86.31617234,0.624041323,1,Non-EEA Sovereign Bond,1,1,0,0,0,0,0,0.063252303,0,0
16627755,US TREASURY N/B FIX 2.500% 15.02.2022_16627755,RC630,RC630,,LU0003_LXEUR,PROFIT_PART,AAA,0,0.216090801,0.624041323,1,Non-EEA Sovereign Bond,1,1,0,0,0,0,0,0.063252303,0,0
3135693,US TREASURY N/B FIX 2.125% 15.08.2021_3135693,RC630,RC630,,LU0003_LXEUR,PROFIT_PART,AAA,0,40.07112854,0.126031675,1,Non-EEA Sovereign Bond,1,1,0,0,0,0,0,0.063252303,0,0
3135693,US TREASURY N/B FIX 2.125% 15.08.2021_3135693,RC630,RC630,,LU0003_LXEUR,PROFIT_PART,AAA,0,1722.894389,0.126031675,1,Non-EEA Sovereign Bond,1,1,0,0,0,0,0,0.063252303,0,0
24139287_LU0003_LU0003_LXEUR,LU0003 ISRAEL MAKAM BILL BO9141231_IE00B5ZR2157_IL_24139287_LU0003_LU0003_LXEUR,RC630,RC630,,LU0003_LXEUR,PROFIT_PART,A,2,23.05208816,0.767132606,1,Non-EEA Sovereign Bond,1,1,0.011,0,0.011,0.25357297,0,0.063252303,0.016039074,0
23825641,TREASURY BILL ZERO 10.08.2021_23825641,RC630,RC630,,LU0003_LXEUR,PROFIT_PART,AAA,0,3879.785472,0.112328268,1,Non-EEA Sovereign Bond,1,1,0,0,0,0,0,0.063252303,0,0
24123130,CASH MGMT BILL ZERO 14.09.2021_24123130,RC630,RC630,,LU0003_LXEUR,PROFIT_PART,AAA,0,35.83365492,0.208220641,1,Non-EEA Sovereign Bond,1,1,0,0,0,0,0,0.063252303,0,0
24123130,CASH MGMT BILL ZERO 14.09.2021_24123130,RC630,RC630,,LU0003_LXEUR,PROFIT_PART,AAA,0,3673.008171,0.208220641,1,Non-EEA Sovereign Bond,1,1,0,0,0,0,0,0.063252303,0,0
24094839,TREASURY BILL ZERO 12.11.2021_24094839,RC630,RC630,,LU0003_LXEUR,PROFIT_PART,AAA,0,8469.218651,0.369857304,1,Non-EEA Sovereign Bond,1,1,0,0,0,0,0,0.063252303,0,0
24082560,CASH MGMT BILL ZERO 07.09.2021_24082560,RC630,RC630,,LU0003_LXEUR,PROFIT_PART,AAA,0,291.8200134,0.189040586,1,Non-EEA Sovereign Bond,1,1,0,0,0,0,0,0.063252303,0,0
24007403,TREASURY BILL ZERO 24.08.2021_24007403,RC630,RC630,,LU0003_LXEUR,PROFIT_PART,AAA,0,356.9324738,0.150684893,1,Non-EEA Sovereign Bond,1,1,0,0,0,0,0,0.063252303,0,0
24082560,CASH MGMT BILL ZERO 07.09.2021_24082560,RC630,RC630,,LU0003_LXEUR,PROFIT_PART,AAA,0,15182.85772,0.189040586,1,Non-EEA Sovereign Bond,1,1,0,0,0,0,0,0.063252303,0,0
24007403,TREASURY BILL ZERO 24.08.2021_24007403,RC630,RC630,,LU0003_LXEUR,PROFIT_PART,AAA,0,43280.5395,0.150684893,1,Non-EEA Sovereign Bond,1,1,0,0,0,0,0,0.063252303,0,0
23652272,TREASURY BILL ZERO 03.08.2021_23652272,RC630,RC630,,LU0003_LXEUR,PROFIT_PART,AAA,0,203.0328481,0.093149474,1,Non-EEA Sovereign Bond,1,1,0,0,0,0,0,0.063252303,0,0
23652272,TREASURY BILL ZERO 03.08.2021_23652272,RC630,RC630,,LU0003_LXEUR,PROFIT_PART,AAA,0,14196.02419,0.093149474,1,Non-EEA Sovereign Bond,1,1,0,0,0,0,0,0.063252303,0,0
23584591,TREASURY BILL ZERO 23.09.2021_23584591,RC630,RC630,,LU0003_LXEUR,PROFIT_PART,AAA,0,189700.025,0.232876021,1,Non-EEA Sovereign Bond,1,1,0,0,0,0,0,0.063252303,0,0
21227977,JAPAN (30 YEAR ISSUE) 67 FIX 0.600% 20.06.2050_21227977,RC630,RC630,,LU0003_LXEUR,PROFIT_PART,A,2,9867.539229,26.87196496,26.87196496,Non-EEA Sovereign Bond,5,6.871964958,0.005,0.134,0.168359825,1661.297176,0,0.063252303,105.0808729,0
14381795,DOMINICAN REPUBLIC BON REGS FIX 10.500% 07.04.2023_14381795,RC630,RC630,,LU0003_LXEUR,PROFIT_PART,BB,4,37.94372409,1.631177631,1.631177631,Non-EEA Sovereign Bond,1,1.631177631,0.025,0,0.040779441,1.54732385,0,0.063252303,0.097871798,0
20151604_LU0003_LU0003_LXCLA,LU0003 PERU B SOBERANO PPA33S6W1_IE0030759645_PEN _20151604_LU0003_LU0003_LXCLA,RC630,RC630,,LU0003_LXCLA,PROFIT_PART,A,2,61.62856424,11.40443051,11.40443051,Non-EEA Sovereign Bond,3,1.404430512,0.005,0.084,0.091022153,5.609564576,0,0.133433171,0.748501988,0
CASH_USD,CASH_USD_CASH_USD,RC630,RC630,,LU0003_LXCLA,PROFIT_PART,NR,unrated,7.956991796,0,1,Non-EEA Sovereign Bond,1,1,0.03,0,0.03,0.238709754,0,0.133433171,0.031851799,0
18041120,CHINA GOVERNMENT BOND 1910 FIX 3.860% 22.07.2049_18041120,RC630,RC630,,LU0003_LXEUR,PROFIT_PART,A,2,7.71583594,17.12906386,17.12906386,Non-EEA Sovereign Bond,4,2.129063864,0.005,0.109,0.119645319,0.923163655,0,0.063252303,0.058392228,0
18041120,CHINA GOVERNMENT BOND 1910 FIX 3.860% 22.07.2049_18041120,RC630,RC630,,LU0003_LXEUR,PROFIT_PART,A,2,0.22755138,17.12906386,17.12906386,Non-EEA Sovereign Bond,4,2.129063864,0.005,0.109,0.119645319,0.027225458,0,0.063252303,0.001722073,0
23984548,CASH MGMT BILL ZERO 31.08.2021_23984548,RC630,RC630,,LU0003_LXEUR,PROFIT_PART,AAA,0,8800.049966,0.169860884,1,Non-EEA Sovereign Bond,1,1,0,0,0,0,0,0.063252303,0,0
23984548,CASH MGMT BILL ZERO 31.08.2021_23984548,RC630,RC630,,LU0003_LXEUR,PROFIT_PART,AAA,0,118.1810583,0.169860884,1,Non-EEA Sovereign Bond,1,1,0,0,0,0,0,0.063252303,0,0
23947594,US TREASURY N/B FIX 0.125% 30.04.2023_23947594,RC630,RC630,,LU0003_LXEUR,PROFIT_PART,AAA,0,12036.39103,1.831101123,1.831101123,Non-EEA Sovereign Bond,1,1.831101123,0,0,0,0,0,0.063252303,0,0
23963922,TREASURY BILL ZERO 28.10.2021_23963922,RC630,RC630,,LU0003_LXEUR,PROFIT_PART,AAA,0,10048.08224,0.328766295,1,Non-EEA Sovereign Bond,1,1,0,0,0,0,0,0.063252303,0,0
